:1000000000800020D9030000C9030000F54800006B
:1000100000000000000000000000000000000000E0
:10002000000000000000000000000000C903000004
:100030000000000000000000C9030000C903000028
:10004000C9030000C9030000C9030000C903000080
:10005000C9030000C9030000C9030000C903000070
:10006000C9030000C9030000C9030000C903000060
:10007000C9030000C9030000C9030000C903000050
:10008000C9030000C9030000C9030000C903000040
:10009000C9030000C9030000C9030000C903000030
:1000A000C9030000C9030000C9030000C903000020
:1000B000C9030000C9030000C9030000C903000010
:1000C0000448054B10B5834203D0044B002B00D0ED
:1000D000984710BDF8000020F80000200000000044
:1000E00006480749091A8B10C90FC91810B54910DD
:1000F00003D0044B002B00D0984710BDF80000201F
:10010000F80000200000000010B5074C2378002BF9
:1001100009D1FFF7D5FF054B002B02D0044800E0C2
:1001200000BF0123237010BD180100200000000053
:100130003C9F0000054B10B5002B03D00449054837
:1001400000E000BFFFF7CCFF10BDC046000000007C
:100150001C0100203C9F0000402292029A1A924605
:100160007047C046174B002B00D1134B9D46FFF73D
:10017000F3FF00218B460F461348144A121A09F068
:10018000F3FC0E4B002B00D098470D4B002B00D0FA
:1001900098470020002104000D000D48002802D0DF
:1001A0000C4800E000BF09F0E7FC2000290000F047
:1001B0000BFA09F0B3FCC046000008000000000084
:1001C000CD030000008000201801002078100020DE
:1001D000000000000000000010B500F0A7F800F0DB
:1001E00011F800F053F800F06DF810BD10B500F0F4
:1001F0004CF800F099F810BD10B5FFF7EDFFFFF7D0
:10020000F5FF10BD002110B5080000F02DFC002105
:100210000322080000F0BAFB0021080000F006FCF1
:100220000121002000F020FC4F220121002000F0DD
:10023000ADFB0121002000F0F9FB0221002000F0BD
:1002400013FC2F220221002000F0A0FB022100203D
:1002500000F0ECFB0321002000F006FC5F220321EC
:10026000002000F093FB0321002000F0DFFB0421BD
:10027000002000F0F9FB2F220421002000F086FB73
:100280000421002000F0D2FB10BD7047002210B501
:100290001100122000F0ACFB01220021132000F01D
:1002A000A7FB02220021142000F0A2FB0322002160
:1002B000162000F09DFB04220021192000F098FB7D
:1002C00010BD000010B501210E4A0F4800F028FAB9
:1002D00002210E4A0C4800F023FA03210C4A0D4873
:1002E00000F01EFA05210C4A0A4800F019FA002114
:1002F0000A4A0B4800F014FA01210A4A084800F0A3
:100300000FFA10BDBC9C000000010440A49C00003A
:100310008C9C000000050440749C00005C9C000064
:1003200000080440449C00007047704770B5802569
:100330001A4C30202D0600F05FFC2563184800F0B1
:1003400069FA002000F0E0FA0C22A36A9343A3624A
:10035000A36AB4329343A36200F08CF8002000F04B
:100360009FFBE36A0F481D43E56200F053FA00204B
:1003700000F0CAFA011E02D00620FFF7D6FF0C22B9
:10038000A36A30209343A362A36AB4329343A36267
:1003900000F032FC00F06EF870BDC0460000034073
:1003A00000366E01006CDC0210B5FFF725FF044833
:1003B00000F052FC43425841024B4042184010BDED
:1003C000C000002000000206FEE7704710B5FFF7EE
:1003D000FCFF10BD7047000070B5FFF7FBFF00F099
:1003E0003DF8164CC0222000154909F0E9FB154BD9
:1003F0009C60BFF34F8F144B1448834211D30020ED
:10040000134B14498B4217D3FFF7ACFE1C689100C5
:1004100065585C680132655099688A42F6D30C339E
:10042000EBE70022F8E71C689500285101325C6870
:10043000A242F8D30833E5E70022F8E700000020E5
:100440000000000000ED00E0489F0000549F000005
:10045000549F00005C9F000070470000034B044A5B
:1004600010B59A6372B6FFF7F7FF10BD00000340A6
:100470006588EDAC114B70B59C6A00F069FA0123F8
:100480002406A40FA3405B081818E04014D00C4BBE
:10049000441E18600B49200009F0CAF9FA210A4DE0
:1004A000013028708900200009F0C2F9074B0130A3
:1004B0001860074BC003186070BDC04600000340C1
:1004C000E800002040420F00E0000020E40000208F
:1004D000DC00002000487047D405002010B5024819
:1004E00001F01EFE10BDC0464801002010B50248B4
:1004F00001F056FA10BDC04648010020094B0A4AD7
:100500009A5CD0B2002A0BD0084A01209A5C002ADB
:1005100006D0A4331B8806489842804140420130EF
:100520007047C046C00300201E0200001F020000EA
:100530002723000013B50400FFF7E0FF08220F4B4C
:1005400001280ED020211A6402280ED01964FA2343
:100550009B000B4A002100920A48220002F056FC40
:1005600013BD5A6420221A64F1E79964064B0A21EC
:10057000188809F05DF983B2EBE7C0460005044036
:1005800035050000040B00206404002010B50400B1
:10059000FFF7B4FF022802D1200003F063FF10BD73
:1005A00010B5553100220248C9B203F041F810BD20
:1005B000C003002010B502F0C9FA024802F07CFD29
:1005C00010BDC046040B0020F7B5FFF7EDFE35491E
:1005D000354800F0B1FA0223344D2B60344F380017
:1005E00009F0F7F8334E00280ED0334B9C6A00F028
:1005F000AFF901232406A40FA3405B081B18E340B6
:100600003800336009F0F2F82C4B310018001E005E
:1006100002F0C2FB62B6300004F012F9284804F080
:100620007FF92849284800F087FA8023DB052B60F2
:100630002649274800F080FA80235B012B60254B78
:10064000254D0193254B0021254A00932800254B79
:1006500001F096FB244C2549254B264A00912000A9
:100660002900019604F066F92349200002F0D2FE29
:10067000200003F0FBF904F021F9200004F01EFB38
:10068000802000210001FFF755FF200004F096FBB9
:10069000200002F03DFE04F027F90021200002F0C6
:1006A000FAFEF2E7B5050000509E000000E100E010
:1006B0003C0100204001002000000340040B00200A
:1006C000A1050000ED040000489E0000DD040000CC
:1006D000409E0000D504000048010020F09B00006F
:1006E00000000A4000FF0A40C0030020EC9D00000B
:1006F000FC9D0000D49C0000C49D00000000000090
:100700000230800803D001300238FCD1C046C04618
:100710007047EFF3108072B6704780F3108870470F
:10072000F0B5002852D0002A50D0012413688C4024
:10073000002B49D14464536803279C4607231E00BD
:100740004F43BE408568B54366463340BB401D43BA
:100750003307DB0F8B40856085698F00A5432B43F2
:100760000F25AC46BD4066468361194B194CC31832
:100770001B0A1B191B021C684900AC432500147A94
:100780003440BC402C431C6003248C400325C368C8
:10079000A343D4682C408C4023438024C360136956
:1007A00064041B06816823400B4C21400B4383608B
:1007B000536980225B06920481681340074A0A400D
:1007C000134383600020F0BD0464B4E70448FAE7F3
:1007D0000000FCBF00024000FFFFFFFEFFFFFFFD27
:1007E00001005A000020074B1A6B824208DA064AC1
:1007F00006489B581C229B0013405843044BC018CA
:100800007047C04600000340080F000040420F0040
:1008100000366E01F7B52C4D04002B6B002B4FDA20
:100820002A4B984211D02A4B98420ED0294B98421D
:100830000BD0294B984208D0284B984205D0284B22
:10084000984202D0274B98423CD1FFF7CBFFA04201
:1008500001D10020FEBD2449200008F0E9FF04007A
:10086000FFF757FF0022214E214B0090E318AA51B9
:100870001B782049DBB26B50F1231B01EA501E4B61
:100880001E4AE3181B78A408DBB2AB503220A31F2A
:100890000193FFF735FFA31F002B0DD00727AB599E
:1008A000073CBB431C433220AC51FFF729FFAB5937
:1008B000019ABB431343AB510098FFF72EFFC8E7E3
:1008C0000F48C7E70F48C5E70000034000366E0138
:1008D000003FAB010048E80100512502005A6202C6
:1008E00000639F02006CDC0240420F00080F000012
:1008F0004DF3FF0F0C0F000034F3FF0F180F000033
:1009000003004A0001004A00012817D803210C4ABD
:10091000936A0B4098420FD0002804D1136B002B30
:1009200005DB084809E0084B1B68002BF9D00321C0
:10093000936A8B4303439362002070470348FCE7AC
:100940000000034003004A00180F002001004A0085
:100950000C4A70B5956A926A032301241100AD0810
:100960001D40AC4019401A4205D00020012904D195
:10097000054B186801E0FFF735FF64082018E840D0
:1009800070BDC04600000340180F002010B50028BD
:1009900010D10B2922D8FF2A20D88020104B8900A3
:1009A000C91880000B580F4C120223401A430A50FA
:1009B000002010BD012811D103290FD880235B022C
:1009C0009A420BD2C020064B8900C91880000B58F0
:1009D000054C1202234013430B50E9E70348E8E7B4
:1009E00000000140FF00FFFFFF0000FF01004A0080
:1009F0001F2803D8002903D10B2A05D909480AE08A
:100A0000012909D1032AF9D8074B89014030800018
:100A10001143C150002070470229EFD1042AF3D9B5
:100A2000ECE7C04601004A0000000140002803D165
:100A30000B2905D909480BE001280AD10329F9D867
:100A4000074B8001084303430020064A13601368E4
:100A500070470228EED10429F2D9EBE701004A00E1
:100A600000FF008000000140002803D10B2905D9B8
:100A700009480BE001280AD10329F9D88023800115
:100A80000843DB0503430020044A13607047022833
:100A9000EED10429F2D9EBE701004A000000014041
:100AA00002280DD8084A012802D1136B002B09DA5D
:100AB0003021936A00018B43034300209362704707
:100AC0000248FCE70248FAE70000034001004A0040
:100AD00003004A00481E00B5072811D808F08AFE16
:100AE000040D100B1010100D064B1B78002B07D1B6
:100AF0000122054B1A70002000BD0022024BF9E7CD
:100B00000248F9E7150F0020140F0020FF004200F3
:100B1000064B10B59A68064C10308300A24202D1F1
:100B20009858995010BD034AD058FBE700ED00E0FB
:100B3000000000200000000070B5041E2ED0FF252C
:100B40000023C05E03232A000340DB009A40646850
:100B5000D243A4012C409C40002810DBC026104D3D
:100B600083089B005B19B6009D592A4022439A5185
:100B70000C4B9A680C4B9A420DD0002070BD0F238D
:100B80000340083B074D9B089B005B19DD692A4029
:100B90002243DA61ECE7FFF7BBFFEEE70348EDE73E
:100BA00000E100E000ED00E0000000200100560040
:100BB00070B5802504002D02AC4205D8064B18689C
:100BC0006043FFF79DFD70BD044B1868FFF798FD6B
:100BD000034BE418F0E7C046E4000020DC000020EE
:100BE0000080FFFF10B5034B1B785843FFF788FDCB
:100BF00010BDC046E00000200023102804D9203397
:100C000083429B415B420133032007490A6B8243C5
:100C10001A43581E834110200A630A6B1B0182434A
:100C200013430B637047C04600001040064A074B51
:100C3000D35A074A9BB253600423064A11690B43F7
:100C4000136130BF7047C04600F0FF0F5202000032
:100C50000000034000ED00E0030070B500281AD04A
:100C6000C268101E17D01A68101E14D01C79174DB8
:100C7000A4006259111E09D163515A611A611AE028
:100C8000067E1A7E964200D80100020050690028B4
:100C900002D19A4204D170BD9A42F1D10020FAE704
:100CA0000A69002A09D11E7E087E864205D2596152
:100CB0001A612B510B610120EDE74A6919615A61F4
:100CC000002A00D013614B61F5E7C0462C0F0020CD
:100CD000254B73B586000D00F458042901D0012975
:100CE00025D100200EE0A3682B420AD1E3686846B4
:100CF0001A685B68290001930092236898471B4B90
:100D00001C606469002C0AD0194B9842EBD1012D6C
:100D1000E9D1164A174B126815489A5176BD012D34
:100D2000FCD1134B9842F4D0124B9C51F6E70229A8
:100D300014D026006469002CFBD10020002EEDD0D9
:100D4000B3682B4208D1F36868461A685B682900CB
:100D500001930092336898473669EFE7034B1B68AD
:100D6000181EDBD01E69E8E72C0F00201C0F0020A6
:100D7000FF004200200F002070B5164D6B68002B5D
:100D80000AD001210800FFF7A3FF041E04D06B68FE
:100D9000002B1AD1200070BDFFF7BBFC6B6804006C
:100DA000002B03D004210120FFF792FFFFF73EFF45
:100DB0002000FFF7B2FC6B68002B01D10024E9E7AB
:100DC00008210120FFF784FFF8E702210120FFF747
:100DD0007FFFDFE72C0F00200222044B19680A4333
:100DE0001A60012219680A431A60704710E000E097
:100DF0000221044B1A688A431A601A6801398A432F
:100E00001A60704710E000E00421044A8000136873
:100E100008408B43184310607047C04610E000E064
:100E2000037870B5002B1ED18625C322FF355200F2
:100E3000435D865CB34216D25C1CC118E4B26531D6
:100E40004268FF3144550978A64207D90233435519
:100E500000196530FF3003781B021943FC32022071
:100E60005167FFF7BFFE70BD037870B5002B1ED130
:100E7000A62211214368D2009950C02201245200B9
:100E800099582143995099582142FCD101001F25BE
:100E90009A58FC31530A920B4C6E2B402A409B1AF5
:100EA0001B194B66CB6D002B01D01021984770BDEC
:100EB000F8B5D023F02241685B00CB5812051340EF
:100EC0008022D204934202D1FFF7AAFFF8BDC224C8
:100ED0006400025D0F2AF9D80D00FC356B6F86188F
:100EE0009C466746531C7536DBB2FF360355377098
:100EF000102BEBD0D026760089590902C90E8B42FF
:100F0000E4D20232696F0255C0187530FF30090A09
:100F10000170DBE7A4234268DB00D258064B802136
:100F200010B51A4200D049180300FC33DB6D002BCA
:100F300000D0984710BDC04600000110037810B5DE
:100F4000002B06D10300FC33DB6D002B01D02021E8
:100F5000984710BDF8B54468194E0500A359002BF9
:100F600021D08027A3597F043B4204D0FFF7A0FF84
:100F7000A423DB00E7508027A3597F013B4205D023
:100F80002800FFF7C7FFA423DB00E7508027A35901
:100F9000A4267F03F6003B4203D02800FFF7CEFFD4
:100FA000A751084BA351084BE258002A06D0E2583B
:100FB00011231A4202D02800FFF756FFF8BDC046A1
:100FC0002C050000000001103C050000F0B5A22235
:100FD000466852003300855CA0331B6885B0002D45
:100FE00002D1002005B0F0BD002914D11822134011
:100FF0005A4253410822DB00019302924621070026
:101000000022FF31FC37019B9B180393029B9A42FD
:1010100006D10120E6E71023029300230193EDE7B8
:10102000445C7B6AA400E358039C01320434A400AE
:10103000A351445C0134E4B24454445CA542E2D878
:10104000CFE7A623F0B54C24A5265B00C15C45681C
:10105000CAB2FF34083176008A4207DBA62252006A
:10106000835C59424B41DB008354F0BD075D835DD7
:101070009F42FAD21700035D1837BF0006337F592D
:101080009B00C3185F60035D01320133DBB203557F
:10109000D2B2E1E7020010B50220002A24D00029D4
:1010A00022D05368D1601A000020A83210600F4A85
:1010B0000F495A601A00B43211600F2191601E313D
:1010C000FF31D1610B490C4C1162A121C9005A5862
:1010D00022401C005A50E8342168084A89B20A4369
:1010E0002260074AC0331A6010BDC046000FF103EA
:1010F0000F0200000A404101000408C002000F7EF8
:1011000041004100F7B54468E42327005B00C35861
:10111000BC3798473968264B220019408223867CC9
:10112000DB01E832156801970B43012E1BD9AC4651
:101130006746204D3D431560012265682A43626081
:10114000877B027E457C002F19D0C77A002F11D1F2
:10115000012A14D1012E02D9407B00280FD086230A
:10116000DB010B430BE0144F3D4015600325626823
:10117000AA43E4E7012E14D9467B002E13D101992E
:101180006D010B602100C4310B6812021B0C2A4355
:101190001B041A43412313430B60084BC0342360E4
:1011A000F7BD012DEBD1C37B002BD8D08E23D7E721
:1011B000FF80FFFF00001080FFFFEF7F4100410034
:1011C000F0B5040005A820C8079F00788446201EBB
:1011D0002BD0381E29D02000FC3066684762A22040
:1011E00040002354A32360465B00E054022906D14B
:1011F00030008023BC300768DB003B4303600B4BAF
:101200008800C0583300C8331860E02301201B0158
:101210002B4001310343090419433300AC331960F7
:10122000482352B2FF33F560E254F0BD589E0000EF
:10123000022310B54468FF33DC34226805201343D1
:101240002360FFF7CFFC2368014A1340236010BDE1
:10125000FEFEFFFFF8B5051E17D0A1274468FF006A
:10126000E359334A48261340E351A023314ADB00B7
:10127000E250FF36835D5BB2002B07DA80232E4AF3
:101280009B01A1580B43A3500120F8BD2300A433B8
:101290001A682A4B110019401A420FD0835D0021B1
:1012A000013B5BB283558023E2595B011343E0228B
:1012B0005200E351C36880589847E5E74623FF335F
:1012C000C1540121FFF782FE002804D08023E25997
:1012D000DB021343E351A122D200A158184B0B4368
:1012E000A350A3235B00EA5C453BFF3B002A17D0D9
:1012F000626813436360C4342368AA5D002A13D074
:10130000802212031343802292021A43A423002155
:101310005B00E954AB5D013B5BB2AB552260B3E7C8
:1013200062689A436260E6E7064A1340EBE7C0460C
:10133000FFEFFFFF98F014000405000001200000FB
:1013400088E00000FFFFF7FFE4235B0070B5C3589F
:101350004468050098474A230022FF33EA54A0233B
:101360000D4ADB00E250E02210339200E250837C11
:10137000012B05D980239932FF32A1580B43A3508A
:10138000A123DB00E158054A0A43E2500222E1585A
:101390000A43E25070BDC0467F06090400060904F6
:1013A0004368A320C00070B51A58134C134E224056
:1013B0001A50A2229938D200FF3898501800104DC8
:1013C000BC30083A00290AD10168314001609958BF
:1013D00029409950A0220B49D200995070BD80211C
:1013E0000468C90134402143016080219858890074
:1013F00028400143EDE7C0467FFEFFFFFF80FFFF6F
:10140000FFF9F6FB0006090470B5040000214568E9
:10141000FFF7C6FF2000FFF70BFFA122D200AB5859
:1014200003490B40AB50A023024ADB00EA5070BDD9
:10143000770EE9FF88F116000221426853688B435A
:1014400053607047030010B50220002B0FD05C687A
:101450008023C43422685B03134323603030FFF7DA
:10146000C1FB8023002022685B021343236010BD70
:1014700003000220002B0AD000205B680449C4331B
:101480001A680A401A601A6802490A401A607047CE
:10149000FFFFFEFFFFFFEFFF030010B50220002B50
:1014A0000ED0A421002049005A685854A121C90037
:1014B0005358044C23405350A0230349DB00D15020
:1014C00010BDC046770FEBFF88F01400F8B50D0093
:1014D000022300281BD04468052901D1FFF7A8FE8C
:1014E000A022154BD200A3500832A1580B43A350A1
:1014F000124BAA00D2582300CC331A60052D08D015
:101500008023C4342268DB021343236000231800C5
:10151000F8BD0A252700A4373B68094E334206D0A0
:10152000013D0A20EDB2FFF75DFB002DF2D13A68D4
:101530000F233242E4D0EAE700010200589E000087
:101540000720000014307047436801201A00A432BD
:101550001168044A114204D1A022D2009858800593
:10156000C00F704707200000E4235B00F7B5C358A5
:10157000456804009847CB4B0190EE58B3050ED553
:10158000A42300225B00E254C132FF32E368A0587A
:1015900008219847A0238822DB009200EA5080238C
:1015A0001E4205D0A022D200AB500122C833E25423
:1015B000BD4BEB581B060ED5A223DB00EA584A238D
:1015C000FF33D20500D487E10022E254A223C022D7
:1015D000DB005200EA5080273F033E4205D0200046
:1015E000FFF72FFDA023DB00EF50730173D5A0227E
:1015F000D200AF583B071FD530233B40102B1BD1E7
:101600003933FF33E15C002916D00021E154290071
:101610008023AC3108681B0303430B60A121C90080
:101620006B58A24803406B50A14B0321AB50E02202
:101630005200E368A0589847FB073FD520233A00A3
:101640001A401F423AD1A1212933FF33E254C90085
:101650006B58984803406B50A0238021DB00490160
:10166000E9502B00A4331B6801999B065B0F013BDB
:101670002375EB6DA361897C012902D88E490B404B
:10168000A361637E5B065B0F6375D9B2237ED806C8
:101690009B06DB0FE3754A23C00EA075FF33E35CA6
:1016A0002000002B00D036E11C30914200D92AE105
:1016B000E02252000621E368A0589847A0237F4A01
:1016C000DB00EA504A220023FF32A354A223E02287
:1016D000DB009200EA508027FF003E4208D0E02263
:1016E0005200E3680721A0589847A023DB00EF5081
:1016F00080277F023E4208D0E0225200E3680721A3
:10170000A0589847A023DB00EF50802252011642D8
:101710000ED0A121C9006B58664803406B50A0232E
:10172000DB00EA50E02252000121E368A05898470C
:1017300002273E4208D0E0225200E3680B21A05865
:101740009847A023DB00EF508027FF023E420ED0D7
:1017500000212000FFF73AFC002805D1A122D20089
:10176000AB5857490B40AB50A023DB00EF50B304FC
:1017700026D5A42300225B00E2542000FFF7E4FEFC
:101780004823FF33E35C5BB2002B08DB002800D06A
:10179000C4E02B00C4331B681B0300D5BEE0A122AC
:1017A000D200AB5841490B40AB50E022520002211D
:1017B000E368A0589847A0238022DB009201EA50FA
:1017C00080277F033E420FD02000FFF7BDFE002898
:1017D00000D0CEE04823FF22FF33E2548023394A71
:1017E0009B01A9580B43AB50C0231B021E422CD0B7
:1017F000A023D022DB001202EA50A1228027D200CF
:10180000AB587F013B43AB500A20FFF7EBF92B00AD
:10181000A4331A682C4B1A4201D12A4BEF503304DF
:101820000DD52F008023DC373A685B0013433B6003
:101830000520FFF7D7F93B68244A13403B60E022BC
:1018400052000021E368A0589847F30513D5A4235C
:1018500000225B00E254C132FF320521E368A05848
:101860009847A122D200AB5819490B40AB50A02396
:10187000184ADB00EA50B60313D5A42300225B000C
:10188000E254A122D200AB5811490B40AB50A02327
:10189000104ADB00EA50E02252000421E368A0581D
:1018A0009847F7BD0C0500001C050000771FFFFFDF
:1018B00088E00000FFEFFFFFEF7FFFFF7F000804DD
:1018C000FFFFFBFF0405000007200000FFFEFFFFF5
:1018D000FFFEFDFF000102000122E254EB6D4A32DF
:1018E000DB01DB0D03339B08DBB2FF32A354A35CA7
:1018F000412B01D94123A3544C220023FF32A3548E
:101900000132A35462E6130018339B005F59930021
:10191000C7500132C9E6FFF794FBC9E64823FF33FD
:10192000E35C002B15D0A0238022DB0052032F00A4
:101930000520EA50FFF756F98020C4373B680003C2
:1019400003420DD0A1228021D200AB5849030B43A2
:10195000AB504822FF32A35C013B5BB2A3542AE7A1
:101960000520FFF73FF980223B68120313433B60D9
:10197000EFE70520FFF736F92A008023C43211680B
:101980001B030B431360A122D200AB5803490B4049
:10199000AB50A023DB00EF5026E7C046FFFFEFFF70
:1019A00070B50C4B45680400EB58002B01D0FFF7D5
:1019B000DBFD094BEB58094BEB58002B02D0200004
:1019C000FFF7C8FA064BEB58002B02D02000FFF7B8
:1019D000C1FA70BD0C0500001C0500002C050000BC
:1019E0003C0500007047000070B514001600456803
:1019F000012923D00021154AFF201219537B127BA5
:101A00005B0252011343C022D2000B43A9580001CC
:101A100001408B4209D0A9580D480140A950A9584E
:101A200032200B43AB50FFF7DDF8AD239B00EB58A2
:101A30005A0506D50234E6B2300070BD882149004F
:101A4000D9E7DB04F8D50134F5E7C046749E000001
:101A50000FF0FFFF70B5082506000C0043688A00F0
:101A600007499B185A580A202A435A50FFF7BAF8D8
:101A7000044A7368A418A4001B195D6070BDC046B9
:101A80006C0800001A020000F8B520274468094DD0
:101A90008900641863593B420AD128260A206651FE
:101AA000FFF7A0F830006751FFF79CF8A0236351BF
:101AB000F8BDC0466C080000022310B5002825D0F0
:101AC000C0224368D2009958114C21409950E0211E
:101AD0009C58090321439950C1210824C9005A5830
:101AE000A2435A50AA2189005A580A4C22405A50FF
:101AF000C122012492009958A143995010219C5869
:101B0000214399500021FFF7BFFF0023180010BDAB
:101B1000FFFFF1CFFEFBFFFF70B505000220002D97
:101B200039D0C0266C68F600A35908215B005B0819
:101B3000A351C123DB00E25862308A43E250012204
:101B4000E1580A43E250FFF74DF800212800FFF763
:101B50009BFF3220FFF746F80A23A2590E48134391
:101B6000A35180230D4A1B02A1580B43A921A35066
:101B7000890063580A4A0340134363500431635891
:101B800003401A436250A822C02300209200A158AB
:101B90009B030B43A35070BDFEFBFFFF0406000038
:101BA00010400000022310B5002811D0C02280236D
:101BB0004468D200A1581B060B43A3500021FFF735
:101BC00049FFC1220821D200A3588B43A350002310
:101BD000180010BD002817D0C12143680820C90093
:101BE0005A5882435A50C022D20099584900490895
:101BF00099500A2198580143995098580349084030
:101C0000F0210904014399507047C046FFFFFFBF10
:101C10007047000070B50D0000280ED00021446808
:101C2000FFF718FFC022D200A021A358002D05D134
:101C3000C9030B4302490B40A35070BD0904F8E7E8
:101C4000FFFFFFBF10B500280BD04468C020C000C4
:101C50002358002906D1064A1A4080235B03134308
:101C6000235010BD034A1A4080239B03F7E7C04668
:101C7000FFFFBFFFFFFF7FFFF0B5436885B0019313
:101C8000E4235B00C35805009847C38A03AC077F71
:101C90002380837A0600002B05D0019BA4331A68A9
:101CA00006231A4210D1B37ADAB20192002B17D070
:101CB000E35D012B0BD8002239002800FFF794FECA
:101CC000E0550022737FE254208805B0F0BD012268
:101CD00039002800FFF788FEE0550128F1D8EAE72F
:101CE000019A28001100FFF77FFE2070002805D020
:101CF000012228000199FFF777FE207000220121C0
:101D00002800FFF771FE60700028DDD00122280056
:101D10001100FFF769FE6070D6E7002808D0C023E5
:101D20004268DB000420002903D1D1588143D150FF
:101D30007047D1580843D050FAE77047027810B581
:101D40000D4B4468002A00D11C601A688823DB0010
:101D5000D258403B110019401A420BD1012200F029
:101D600088FCC8231B01984204D31023034AA158BE
:101D70000B43A35010BDC046380F00201C060000C6
:101D8000F7B505000E00140002200899099A002DED
:101D900000D1CAE0002C00D1C7E0002B00D1C4E084
:101DA000002900D1C1E0002A00D1BEE0AB60E223EF
:101DB0005B002E706C60E9500433EA508023226887
:101DC0001B061343C0222360D200A35808275B00E0
:101DD0005B08A350C1230121DB00E2586230BA4303
:101DE000E250E258BE400A43E250FEF7FBFE802379
:101DF000544AA1580B43A350D222D200A3585249AF
:101E00005B005B08A350D423504ADB00E250D6228B
:101E10004F4BD200A350D823DB00E1509021103368
:101E20000901E1504B494C4BF31876181B78307878
:101E3000A1581B185B08BB404848494E01400B4362
:101E4000A3503220FEF7CEFE3C22A35993431F43FA
:101E5000444BA7511B782B780193002B4AD1FB27C9
:101E6000FF00E35932205B005B08E351FEF7BAFE46
:101E70000122E35901201343E35185230F32DB0094
:101E8000E250E1580E3A0A43E2504023A25913436C
:101E9000A351FEF78DFEFEF73CFC0422324B0700F7
:101EA000E250043BE05880220100D2002B692F4E03
:101EB000114010423AD1002B02D00A002800984766
:101EC0000120FEF775FE2A4A2A49A3580B40A35069
:101ED0000422A3599343FB22A3518023D200A1588B
:101EE0001B060B43A3503800FEF717FC9523012275
:101EF0009B00EA54102322682800134323600C231C
:101F00001D4AA1580B43A35001230432A1580B438F
:101F10008121A350194AA3588B43A350002100F0FC
:101F20004BFA2800FFF70AFF0020FEBD002B03D06C
:101F300001222800019998470423A2591343A35171
:101F4000D1E7C046C8200000143D00003636141CFE
:101F50005F6B3D0046F4FF0F30F4FF0FFF00FFFF03
:101F60006408000000F4FF0F440400004C0400006B
:101F70001C060000FFFFFEFF2C060000C808000042
:101F8000F0B585B0071E029103922FD0E4235B00C9
:101F9000C3589847037A0500002B26D0437A7C6803
:101FA000002B3DD0AE211022B023890062509B004F
:101FB000E0580243AA20E25080002658314A1640D9
:101FC000314A3243225060226250E15838000A43BD
:101FD000E250EE8AFFF750FE80B2B04208D0AF2246
:101FE00020239200A1580B43A350012005B0F0BD5F
:101FF0002B7D002BF9D198246400395D039B029A54
:10200000380000F01DFB302203002048FF32BA5C8C
:10201000395D019002200090380000F003FAE4E7F7
:10202000C0251026ED006359194A1340334363510C
:10203000E4235B00FB5898476359164A164913403E
:102040001E43665163590A206351AA239B00E2583C
:102050000A40E250E158114A0A43E250FEF7C2FD3D
:10206000AE2370229B00E250B02260239200A15860
:102070000B43A350AD239B00E258A0235B011A42FF
:10208000B3D0ACE7FEFBFFFF06180000E519000027
:10209000EFFEFFFF0FF0FFFFE8A3FFFF05140000B6
:1020A00073B5051E02D10026300076BDE4235B0027
:1020B000C35844689847067A0300002EF3D0B02036
:1020C0007C21800022588A432250AE229200A150E7
:1020D0005A7A002A0FD01A7E002A0CD11A7D002AC3
:1020E000E2D198235B00E95C280013000192009282
:1020F00000F098F9D8E75B7A002BD5D1A9218900A7
:1021000063580548054A034013436350043163583C
:1021100003401A436250C7E7FEFBFFFF1040000078
:10212000F8B5B12344689B00E6583133FF33E258D9
:102130000500002A0DD00227E3583B4209D000F0E9
:10214000E7FCFC229200A358BB43A350FA239B0058
:10215000E750002E37D004231E4207D0B02189005B
:1021600062589A436250AE229200A35008231E4246
:1021700007D0B021890062589A436250AE22920083
:10218000A35010231E4207D0B021890062589A4301
:102190006250AE229200A35020231E4207D0B021ED
:1021A000890062589A436250AE229200A350AE2139
:1021B000402389001E4205D0B020800022589A4357
:1021C0002250635066508A23DB00E358002B13D063
:1021D0001C4BE258E250043BE258ED3BFF3B5205FA
:1021E00013D50222E95C0A43EA542B69002B03D081
:1021F0000122002128009847D5239B00E3589B0724
:1022000002D5280000F04BFAF8BD0122EA540E4B2B
:102210008022E05852020100114010420CD0E258D6
:102220000A490A40E250BFF34F8F094B094ADA606E
:10223000BFF34F8FC046FDE72B69002BDCD00A00AF
:10224000D8E7C046440400001C060000FFFFFEFF64
:1022500000ED00E00400FA0503000220002B08D086
:10226000002A06D0BB30FF301A50E0220020520076
:1022700099507047F7B5041E3FD0C127FEF749FAC1
:10228000C026636898221D00FF00D959F60092000D
:10229000A1509959C4350432A15029680432A15083
:1022A000164901905A5894469B2260469200A050CD
:1022B0001A00E032106801009C20800021500821A3
:1022C000DC5901988C4307390C43DC519C590C4F65
:1022D0003C400C439C5180242E68640307493443DE
:1022E0002C605C58074D2C405C508023116899434A
:1022F000403B0B431360FEF710FAF7BD04060000E5
:10230000FBFFFF7FFFC7FFFF70B5041E25D0FEF760
:1023100000FA98229200A158C1226368D200995015
:1023200099229200A158C022D20099509A2292007C
:10233000A1581A00C43211609B229200A158074A8A
:10234000050099509C229200A258E0330A201A609E
:10235000FEF748FC2800FEF7E0F970BD0406000017
:1023600070B5D0254468ED000A2061510E00FEF7DB
:1023700039FCD22202239200A3500832A2581A42FA
:1023800019D0002E17DBC12380219B00E35862592E
:102390005B0709029B0F0A40012B08D1002A0AD1D2
:1023A000D32202239200A1580B43A35003E0022B37
:1023B00001D1002AF4D170BD030030B50220002BFA
:1023C0001BD00800022918D030220120FF325C689F
:1023D0009854002001329854D022084DD200A550C4
:1023E0005A182532FF321070FA2294314900D20077
:1023F000CA52972221215200995430BD0002008018
:1024000094314900095A10B589B2100207F010FA48
:10241000FE2802D9FE20C0B210BD0428FBD2042041
:10242000F9E70000F0B50F0085B003930AAB050093
:102430001E7802924468FEF76CF93B004C339B0017
:10244000EB180B9AED1925355A60FF352A780B9B4E
:102450000190D2B2002B39D0C121062089006358E7
:10246000D2048343700003436350C021029BC9021E
:102470005B040B401343039AD02513438022920040
:102480001343ED0063510A20FEF7ACFBD222022376
:102490009200A3500832A1580B43A35080226359E5
:1024A00012021340012E08D1002B0AD1D32202239D
:1024B0009200A1580B43A35003E0022E01D1002B40
:1024C000F4D10198FEF729F905B0F0BDD023D4214D
:1024D000054ADB00E25002228900635893436350AF
:1024E000D2239B00E250ECE700020080F0B505002B
:1024F0000C002C19253485B0FF3447681E00039268
:10250000FEF707F92278D024C021E4003B59C90224
:102510000293039BD2045B040B403343134380229A
:10252000920013433B5101900A20FEF75BFB280009
:1025300002993C59FFF714FF0198FEF7EEF80123CA
:102540002004C00F584005B0F0BD00000023F0B5D6
:1025500085B044680D00170006000393FEF7D9F814
:10256000C12211219200A35800908B43A350052053
:10257000FEF738FBD022D200A35880210193A0237C
:10258000C0207519DB0009052535E150FF35297894
:102590007B04C002034000292BD01B490B43A350EE
:1025A000E02201235200A1580B43A3508021A02216
:1025B0000905D200039BC72B1ED90220FEF712FB90
:1025C000E0235B00E5588022A0231205DB00E250E7
:1025D00030000199FFF7C4FEC12210239200A158D8
:1025E00000980B43A350FEF798F8280CC0B205B032
:1025F000F0BD80218900D1E7A3580B42DDD1039BB8
:1026000001330393D6E7C0460002080070B50D0001
:1026100043182533FF331B7804009435002B0BD06F
:102620000222FFF793FF011E06D09620C00207F09A
:10263000FFF86B0080B218536D00285B80B270BD4C
:10264000534370B504000D0018006421160007F014
:1026500079F98019C343DB17184097235B00E15CCD
:10266000400007F0E5F8290082B22000FFF7C8FE1D
:1026700070BD70B5050016000C00FFF7C7FF3200F3
:1026800021002800FFF762FF972294346400635B07
:1026900052004343A85C5843400A80B270BDD52223
:1026A000436892009958022210B5114214D0D424E4
:1026B000A400195991431951D22189005A50D022AE
:1026C000D20099580300FC339B6B002B04D00122ED
:1026D0000904C90F5140984710BD0000802341688C
:1026E000024A5B00885803438B507047680800001B
:1026F0008C224368002900D08E22920098588006D0
:10270000C00F704770B50D004468FFF7F1FF002857
:1027100014D18C230A4A002D00D08E2302209B0066
:10272000E1581143E150E1580143E150E158814340
:10273000E15090239B00E1580A43E250002070BD15
:10274000200C200070B50D004468FFF7D1FF002871
:102750001CD0124A1249A3580A200B40A3509022C1
:102760009200A3580F490B40A350FEF73BFA002DEF
:102770000ED18C239B00E2580B490A400221E25003
:10278000E2580A43E250E2588A43E250002070BD0A
:102790008E239B00E2580549EFE7C0466808000019
:1027A000FFFEFFFFDFF3DFFFDFFBDFFFDFF7DFFF12
:1027B00000207047002070474368094810B51A5838
:1027C000084C22401A50084A002904D0985807495A
:1027D0000143995010BD995805480140F9E7C0469A
:1027E000C8200000FFFFFFBFCC20000000018000D8
:1027F000FFFE7FFF4268064B002905D08021D0589C
:1028000049040143D1507047D15802480140F9E7CB
:10281000CC200000FFFFFFFEF8B5032345680F4CF6
:1028200006002A59142013432B510F00FEF7DAF942
:1028300008232A59142013432B51FEF7D3F9802380
:102840002A59DB0513432B510123002F03D0882283
:10285000FF32B354F8BDC4225200FAE7C82000008A
:1028600070B5456800291ED088230022FF33C2546A
:102870000F4C104A2B59142013402B51FEF7B2F97C
:1028800008222B59142093432B51FEF7ABF9032256
:102890002B59142093432B51FEF7A4F92B59064AC8
:1028A00013402B5170BDC4235B00C154E0E7C04608
:1028B000C8200000FFFFFFBFFFFFFFC7F2217C23FE
:1028C0004068C90042589A436D3B134343507047D8
:1028D000F22241680120D2008B5883438B5070470D
:1028E000F0B585B0160045680091FDF712FF039022
:1028F000072E06D8032E12D9D623DB00ED18043E8E
:1029000010E03400083CE4B2022C2BD90324DA2373
:102910007443DB00243C0727ED18E4B205E0D42320
:10292000DB00ED18F600F4B2FF273B002E68A34051
:10293000E6400193009B3E40B34219D8019BDB4324
:102940000293009BF31A142B19D9143E33003B4019
:10295000A3402A6802990A200A4013432B60FEF71D
:1029600041F9EEE7D823E400DB00ED18E4B2DBE741
:10297000019BDB430293009B9B1B142B0DD8009BF8
:102980002A68A3400199534019400B005340039813
:102990002B60FDF7C2FE05B0F0BD143633003B409E
:1029A000A3402A6802990A200A4013432B60FEF7CD
:1029B00019F9E0E7E223F7B50E00D0215B00C35818
:1029C00049001B684468DD7842502F4A0700A2582E
:1029D0003D3901929878FF39704306F0B3FF2B4BD5
:1029E00036180135301CB6B26D109E4200D2181C4C
:1029F000274B82B29A4200D9181C83B20620642168
:102A0000584306F09FFF0223019A0A219A431300BC
:102A10001D4A0126A35006F00BFF1438C1B2032251
:102A20003800FFF75DFF1B4A0A20A3583343A35029
:102A3000A358B340F340A350FEF7D4F8E1239B0022
:102A4000E258B243E250E158134B1940002D18D020
:102A50002023B54207D0EDB22A1C9D4200D9202286
:102A6000D2B2013A53010D4A0B431343E1229200C3
:102A7000A35002236432A3500832A1580B43A35041
:102A8000F7BD10230B43F1E72C0600007017000080
:102A900030750000D407000001F8FFFF05040000B6
:102AA00070B544680500FDF734FE0121154BE2586E
:102AB0008A43E2508022E15812060A43E250E122A2
:102AC0009200A35810490B40FC21A3500223890017
:102AD00062589A436250FA229200A3500B4AA158BE
:102AE0000B43D421A350A022C900635892051B02B6
:102AF0001B0A13436350D02300225B00EA50FDF70A
:102B00000CFE70BDD407000008F8FFFF2C06000083
:102B100010B5FC2402214368A4001A598A431A51B3
:102B2000FA2292009950D0235B00C358002B01D0A9
:102B30000139984710BD0000034A80B2136C1B0C8A
:102B40001B04034313647047000003400122024B3F
:102B50005A645B6C7047C04600000340002382B09B
:102B600000930193994205D0013840180090009BD2
:102B70008B4202D2019802B07047009B5B1A00930F
:102B8000019B01330193F2E770B504000D00FDF7DE
:102B9000C0FD002C02D0216829432160FDF7BDFD56
:102BA00070BD70B504000D00FDF7B3FD002C02D020
:102BB0002368AB432360FDF7B0FD70BD70B5050021
:102BC0000E002024FDF7A5FD002D10D02B68002B52
:102BD0000DD00023012229680C00DC4014420AD0E9
:102BE000002E03D09A40296891432960DCB2FDF79A
:102BF00094FD200070BD0133202BEDD11C00F6E7C1
:102C000070B505000E002C00FDF783FD002D06D0E9
:102C100000241F2E03D82C680123F4401C40FDF72C
:102C20007CFD200070BD00000121024AD36C8B4363
:102C3000D364704700000340124B020070B5FF20C0
:102C400099421ED00023FF24D018A4000019007858
:102C50005D1C00280AD0E800041CC0B23F2800D93F
:102C60003F24E4B2DB00D8B2844204D82B00082D04
:102C7000E9D1FF2005E001331E019619F688B14223
:102C8000F1D170BDFFFF0000012270B507254B1C7C
:102C90001B01C3185242DA800F4AFF24835CA40050
:102CA000013BDBB283540D4A835C013BDBB28354AE
:102CB000CB082940063D8D40C3181B191C78AC4336
:102CC0001C70835C002B05D1054BC35C002B01D12C
:102CD000FFF7AAFF70BDC046040400000504000011
:102CE00006040000F7B50127274C0500FFF79CFFFD
:102CF000264B274EA363E36C3B43E3648023E26AE5
:102D00001B061343E362FFF721FFFEF771F8002370
:102D1000FA21B36028680A335843890006F088FD19
:102D200001380002000A70603800FEF76DF8E36BAE
:102D30009BB20093E36B009A9BB29342FAD0E36B91
:102D40009BB20093FEF748F8022233689343336046
:102D500080235B0232681A42FCD0E26B92B201928D
:102D60000099019A914202D9019A13430193019863
:102D7000009B3221C01A80B2688106F059FD054BD4
:102D8000E854FEF735F8F7BD000003406588EDAC68
:102D900010E000E00C04000010B5012400236442A0
:102DA00001331A018218D4803F2BF9D1FF2200236E
:102DB000920083540D4A83540D4A83540D4A835420
:102DC000013283540C4A83540C4A83540C4A835472
:102DD0000C4A83540C4A83540B684A68036081236D
:102DE000DB00C250FFF77EFF10BDC046FD030000B0
:102DF000FE030000FF0300000104000002040000C5
:102E0000030400000404000005040000F0B51E00E7
:102E10005D4B85B004001700002502919A422AD02C
:102E2000AE4228D0FDF775FC07230190FF22382021
:102E30000093FF21009B8900E3185B181B78002B8F
:102E400000D188E0C31DD9B25BB23F2900D13E2337
:102E500019010C3145B261180395039DAB420FDA9D
:102E6000009B0838C0B2013B08D20025FF2A1BD1C5
:102E70000198FDF752FC280005B0F0BD0093D8E79B
:102E80004D89DBB2AC46404DAC455FD04D89BD426B
:102E90005DD13E49625C013AD2B262543C49625C07
:102EA000013AD2B262541A002500072013010C35F2
:102EB000ED180A9B2E816B60029B6F81EB60D3083B
:102EC000024006389040FF210200DBB28900E3187F
:102ED0005B1819780A43D2B21A7060890A217043CC
:102EE000053006F0A5FC2B4B2860E35C284E002B38
:102EF00021D1294FFA6BA35D91B2002B31D0A0886C
:102F00000A0083B2884228D2D31A2A689BB29B183F
:102F10002B60224B2968E35CE2885B1893420AD25B
:102F20002B689BB2E380A588E388ED18ADB228003A
:102F3000FFF702FE2581154A0125A35C0133DBB2B0
:102F4000A354A35D0133DBB2A35591E71A00013B03
:102F50005BB2103981E7020082E7802149025218F2
:102F6000D2E7A1802D680E4B9D4200D91D00ADB265
:102F7000E5806D18ADB22800FFF7DEFD0123258145
:102F8000FA6C1343FB64D6E7FFFF00000404000063
:102F90000504000006040000000003400C040000CB
:102FA000C0FF000013B50C000021130000912200A7
:102FB000FFF72CFF16BD70B504000E00FDF7A9FB4E
:102FC000310005002000FFF737FE0100FF2802D086
:102FD0002000FFF759FE2800FDF79FFB70BD0000A1
:102FE000F0B585B0060017000191914213D2194B3C
:102FF0009A4210D0FDF78DFB00240290FF22331976
:1030000092009B181B78002B07D10134082CF5D1B6
:103010000298FDF782FB05B0F0BD631CDB001A1CB3
:10302000DBB23F2B00D93F22D3B20393E500039BD1
:10303000E9B28B42E9D901352B01F318DB880198FD
:103040009AB29842F3D89742F1D33000FFF71CFEB2
:10305000EDE7C046FFFF000010B5FFF7EDFDFF38BC
:10306000431E9841C0B210BD70B506000C0015009B
:10307000AC4201D9002070BD21003000FFF7DCFD1B
:10308000FF2802D10134A4B2F2E70120F3E70000E7
:1030900010B5074BC35C002B08D0064B1B6C028994
:1030A0009BB29A4202D03220FDF79CFD10BDC04673
:1030B00005040000000003400123F0B50400624A4B
:1030C00087B08354614BDB6BA0889AB2130081B246
:1030D000904259D25B1A9BB20393230000270C3312
:1030E000A28001930293FF22E31992009B181B78A0
:1030F000002B4DD1029B013780330293082FF2D170
:10310000534D635D002B00D19CE000225148FF210C
:10311000A31889005B181B78002B0DD0D300DBB2FD
:10312000190008310E1CC9B23F2900D93F26019968
:10313000F6B2B34200D274E0019B013280330193B6
:10314000082AE4D1414AA688D16BB3B28AB296422A
:1031500000D373E0D31A404A9BB2A25CD3188342D7
:10316000B0D880B2E080A388C01886B23000FFF7E4
:10317000E3FC0023344A2681A354635D002B01D174
:10318000FFF752FD07B0F0BD802040021318A1E701
:10319000FE00F6B2330008331A1CDBB23F2B00D915
:1031A0003F22D3B2029D0493049B9E42A2D26B891C
:1031B0002A4A98B293422ED0274B0399E35C2A689F
:1031C0005B189A422BD92B685B1A2B602B68002B5B
:1031D00021D10721FF2231408C46013B6B81F3084E
:1031E0009200E3189B181A780121059262469140DB
:1031F000059A8A431A701A4AA35C013BDBB2A354B6
:10320000134AA35C013BDBB2A3546B68002B02D0D2
:103210006B68E96898470136F6B21035C4E70023B9
:10322000D3E74F89BC460D4FBC4503D00F6887429A
:1032300000D208680133DBB210317AE780214902FD
:10324000521887E703488CE706040000000003409B
:1032500005040000C0FF00000C040000FFFF000098
:10326000040400000122094B13B500200C001A7061
:1032700002F030F9D320FA23054AC0000092210061
:103280000A2220585B00FFF7C1FD13BD490F002043
:1032900065320000D22310B5DB00C858FFF71EFAD4
:1032A00010BD0000042905D10278064B95309B5CC7
:1032B000037070470329FCD102789530014B0178E7
:1032C0009954F6E7440F00208B2313B59B00CA5C8A
:1032D0000C00002A19D113001B212000009202F0DB
:1032E0000DF8002811D0D3232278DB00E058534298
:1032F0005A41FF2352429A438423DB00D218034BE6
:10330000210000936423FFF781FD13BDC932000043
:1033100010B5040000F0BEFB2378044AD15C0029FC
:1033200001D00021D154012010BDC046490F00201A
:103330000020054B1B78834205D1044B18780123EC
:103340008007C00F58407047490F00204C0F0020E5
:1033500030B5CB798C788FB07F2B23D91A255B06BB
:103360001B0F01335D43CA88D205D20DAA4219D979
:10337000097803AA11701649547051800F210B402F
:10338000DB0075310B43D370124B77399360124BCE
:10339000C35C1373114B0093012301F0AFFF0120B5
:1033A0000FB030BD022C09D10B78002BF7D1CA68C1
:1033B0000B499202520F42541800F1E702239C433A
:1033C000092CECD0002212210092013BE5E7C04617
:1033D0000084FFFF400F00203C070000A5320000E2
:1033E0002C0700003C234343014818187047C0468F
:1033F000001000203C234343014818187047C04682
:10340000F80F0020AC234343014818187047C0460A
:103410004C0F002037B504000D1E30D0027809781B
:10342000174B99546978174B9954697A02F048F808
:103430002900200001F0E6F8134BD325E358ED00F6
:103440001A0034321278353351424A41F121490091
:1034500062541B78D9395A425341E222FF326059F3
:10346000A354FF39FFF7F8FD002808D1074B0A22C3
:103470000093FA23210060595B00FFF7C7FC37BDBA
:10348000460F0020450F00208C060000653200002A
:10349000012070477047F0B585B002ABDD1D0023F9
:1034A00004002B70FFF7F4FF002803D10026300042
:1034B00005B0F0BD2900200001F024FC0028F5D162
:1034C0002B78002BF2D0FDF724F90190FFF730FFA5
:1034D00000280DD100262B78002B03D029002000D6
:1034E00001F059FCFFF7D6FF0198FDF716F9DEE76A
:1034F0002900200001F02CFC00900028EAD12E7851
:10350000002EEFD0D323D227DB00E058FF00FFF7D7
:10351000BFFD0121E059FEF710FCFDF72DFC0099DD
:10352000E059FEF70AFCD6E737B504000D0001218B
:1035300001F07CFE0221200001F078FED223DB00A6
:103540002900E058FFF7DEF82278002808D0AC21E7
:103550004A430C4B9C39D05C01430020D1543EBD02
:10356000D323DB00E05853425A41FF2352429A438F
:10357000054B2100D218054B00930123FFF746FCB1
:103580000120ECE74C0F00203E04000095320000C3
:10359000D22310B5DB00C058FFF7D4F810BD0000EF
:1035A00010B5044BC15CD223DB00C058FFF7A0F874
:1035B00010BDC04631020000F7B5D22604000578E0
:1035C0000A4FF60080590091795D0192FFF71EF8CD
:1035D000795D019B009AA059FFF732F8044A795DA2
:1035E0000300525DA059FEF781FFFEBD460F00208B
:1035F000450F0020D22310B5DB00C058FFF75EF95D
:1036000010BDD22310B5DB00C058FFF761F910BD23
:1036100010B50378044A0549D25CC95CD223DB00AB
:10362000C058FFF726F810BD450F0020460F0020B8
:1036300070470000F0B591B004000D0007780292C9
:103640001A2900D1B6E06AD8152922D800290FD04E
:10365000012213008B401E0070490E400B4200D027
:10366000A8E0902189030B4268D116000B2D65D08C
:10367000002629002000029A00F09CF9002806D1BB
:10368000002E04D129002000029AFFF7D1FF11B0CB
:10369000F0BD1629ECD10122AC21614E7943835D46
:1036A0009A4292415F4B52425B185A70DA70D323B0
:1036B00079427941DB00C058FF2349429943842372
:1036C000DB00C918FFF777FC574B0393DB5D002B3A
:1036D000CED1A35D012BCBD98B239B00E35C002BC8
:1036E000C6D18933FF33E3589B7A7F2BC0D94F4B28
:1036F000E65C012EBCD122786D3BE05853425A4122
:10370000FF2352429A438423DB00D218484B210006
:1037100000936423FFF77AFB039BDE55A8E7232978
:1037200036D006D81E29A3D10299FFF711FE060054
:103730009FE7262940D00026392999D123007433E8
:103740001B78D32379427941DB00E058FF234942BB
:1037500099438423DB00C918FFF72DFC002E02D00B
:103760000022314BDA55012D00D081E7200000F016
:10377000E5F8002800D07BE7AC227A43294BD35CE4
:103780005BB2002B00DA73E72300983318706FE701
:103790008C23284E9B00C25CF35D9A4202D0380015
:1037A00000F0FCF88C2300229B00E35CF3551E4BD9
:1037B000DA555DE70026C4E7029B5B78012B00D059
:1037C00056E7029A0221D07A02000A40084205D147
:1037D00000920D31200001F091FD49E7029A927AA2
:1037E0001107090E12090A430021002A01D01A42CA
:1037F00010D0114BB800C150104905AA615C1B18CC
:1038000011738221936000234902059100930D21D9
:103810000133DFE701315208E7E7C0460A04000040
:10382000260200004C0F0020470F00200507000073
:10383000C9320000480F00203C0F00203C07000068
:1038400037B5C8210022890004000578FFF7B4FECF
:10385000002817D1D223DB00E058FEF7BBF9FA238A
:103860005B00D322D200A058227851424A41FF2166
:1038700052428A4308495218084900912100FFF733
:10388000C5FA37BDAC2208216A43054BD05C014321
:10389000D1546423E5E7C0460F040000A5380000BA
:1038A0004C0F0020F7B50C000E78C8210022200034
:1038B0008900FFF781FE6423002815D13000FFF74F
:1038C000A1FD0378D22508271900ED006059184A98
:1038D00039403B4219D0AC237343D15CB943D15436
:1038E000FEF778F9FA235B00D322D200A0582278A1
:1038F00051424A41FF2152428A430E4952180E4911
:1039000000912100FFF782FA11E0AC237F27734377
:10391000D65C3E40D654230098331970FEF792F9D6
:1039200060590121FEF78EF9200001F0C7F9F7BDBB
:103930004C0F00200F040000A53800000922037876
:1039400010B55A4300230749074851188218D05C24
:10395000CC5C844204D30133092BF8D1002010BD84
:103960000120FCE73D10002034100020852310B515
:103970009B00C3189A7A002A02D01B7E002B07D125
:10398000AC220178044B4A430221D45C2143D15438
:1039900001F057FC10BDC0464C0F0020092210B5A5
:1039A0005043034B0021C01806F0DEF810BDC0469E
:1039B0003410002073B504000D000678122904D0DD
:1039C00015D8012919D0032915D1AC227243244BF3
:1039D000D35C5BB2002B02DB002398342370032DF1
:1039E00001D01A2D07D13000FFF7D8FF03E01729C7
:1039F00008D01A29E9D0002076BDFFF79FFF0028E4
:103A0000F9D1E2E7D223DB00C35801221978030081
:103A100098331A7009234B43124A1349985CFF28C4
:103A200013D1CB5CBB230025DB00E5542A002B001F
:103A300005212000009501F061FCA842DBD02A009E
:103A40000421200001F018FDD5E7CA5C0132D2B292
:103A5000CA54CB5C9842E5D22000FFF787FFCAE743
:103A60004C0F00203D10002034100020D223DB003A
:103A7000C258E2235B00D3581B68002B05D00922F3
:103A8000007819794243024BD15401207047C04657
:103A90003D10002070B5057806002800FFF7B2FC45
:103AA00002240378234210D003213000074A01F09A
:103AB000E3FC0F2809D0AC2080216843044BC25C92
:103AC000A243C254C25C0A43C25470BD41380000D4
:103AD0004C0F0020F0B5D22685B00393E223F60008
:103AE000150082595B00D35804001F6802913B788F
:103AF000002B0ED0FCF70DFE01907B78002B05D03B
:103B00002B00039A0299A059FEF754FF0198FCF785
:103B100004FE05B0F0BDD223DB00C058E2235B00F9
:103B2000C35810B51B681A78002A04D05B78002BA4
:103B300001D0FEF7B5FF10BDF7B5050002260193D1
:103B40007023AC7A6F7A64003440013E37403C43C6
:103B500097003C430F011F403C4307278F42BF4162
:103B60007F42FF013C430827089B891989005918A7
:103B7000C978BC43007824068B09032B34D0019B01
:103B800072401340244A33401440DB062343234C45
:103B900080000459224AA4058658A00D0400B605E9
:103BA000B10D360B33431C431B0E1F4204D181421F
:103BB00002D9A40AA4020C4385239B00EB189B7C2A
:103BC000012B0FD9174BED1840232A7892011A4088
:103BD000C03B1343A202920E1343134ADBB21B04F1
:103BE00014401C432000FEBD8906890F0129E3D142
:103BF0000E4B8000C6580E4B3100C058642358430A
:103C000005F016FE7F23760518400A4BF60A30436E
:103C10001C400443D0E7C046FFFFFFF758100020C8
:103C20004C10002005070000FFFF00FF501000208F
:103C3000541000208001E0FFF0B5037895B00693A2
:103C40000B8910929B059B0D039111934B780F25C7
:103C50000C9303007C331B7810AA0B930023AD1840
:103C600093732B704B7907007F2B1CD9CC88E4050C
:103C7000640EE3B20C93DC23DB00C3181B78002B2B
:103C800011D0290001F00AFB072C08D92B78002B52
:103C900005D1AE4BFB181B780733DBB20B93002129
:103CA000380001F0EFFA3B00EC3309930023049352
:103CB0000D930A936B460B9A1B7C9A4200D9C5E27E
:103CC0000D9B002B2AD13B00FC33186C069AA04BAD
:103CD00000039500800DE8503B00FA21FE33DC8F95
:103CE0004900A405A40D6043F430FF3005F0A0FDA9
:103CF000984E119B984A7051A34200D9230053510A
:103D00003A00EC321288954B38005A510122039B3D
:103D1000110000930023FFF70FFF0F900698FFF7A5
:103D200061FB0F9B03603878D5E0059B062B08D913
:103D3000039A02339B00D318DB789B09012B00D137
:103D400070E20021049B4E339B00FB18DE79099B37
:103D5000B6091B889B059B0D02933B780793079A36
:103D60007F4B9200D150059B039902339A008A1829
:103D7000D0788009032800D98AE0039A9B0005F0D7
:103D80004DFD0400F1005501D101FA219D58744AFE
:103D90002D030892079AAD0D9400039A4900985A92
:103DA0008005800D6843F430FF3005F041FD089B2D
:103DB000142118512800FEF7D1FE2B1A0893281859
:103DC000012E00D18FE0022E53D0002E60D1049B33
:103DD0004E339B00FB185A681203920DAA4257D12A
:103DE0009C88029AA405A40DA24200D22200059B41
:103DF000039902339B005B5A9B059B0D9A4247D85F
:103E00002000FA21079A544B68439600F450504B17
:103E1000F430F5504F4BFF304900079305F008FD93
:103E2000079B029A98514D4BF250069A494B9200CB
:103E3000D4580A9BA3422BD83B0010214033FF33B8
:103E40001B780B4204D0424BD358642B00D1FBE1CA
:103E5000099B0E991B88039A0131DB0B00923800F5
:103E60000022C9B2FFF768FE01230F900A940D9358
:103E70000EE0049B08994E339B00FB185A6812030E
:103E8000920D914204D3DA889204920D9042A7D900
:103E90000E2410ABE4182100380001F0E5F9237876
:103EA000002B00D1B9E1039B5B797F2B00D8B4E1F3
:103EB000059B062B00D9B0E1069A294B9200D358F6
:103EC000C8225200934200D8A7E10698FFF78AFA69
:103ED000012303710698FFF785FA109B0100380053
:103EE000984715B0F0BD049B08994E339B00FB1812
:103EF0005A681203920D9142CAD3DA889204920D45
:103F00009042C5D8FA2598886D008005800D6843D9
:103F10000138401805F08CFC029B04005D43089BAF
:103F2000013D1900E81805F083FC2200029084424C
:103F300000D20200059B039902339B005B5A9B054C
:103F40009B0D9A42A4D8089D5AE7C046E50600009A
:103F500050100020541000204C1000205810002059
:103F600048100020D21803995488039A5D5A9A5831
:103F70000799B74BAD05A4041203AD0D8900A40D3C
:103F8000920DCD50012E39D0022E00D080E7049B37
:103F90004E339B00FB1859680903890D914200D9E3
:103FA00076E7DA889204920DA24200D270E7FA21F5
:103FB000988849008005800D6043F430FF3005F09B
:103FC00037FCFA210600029849006043F430FF30C4
:103FD00005F02EFC33000290864200D203009D4281
:103FE00000D255E7079B9B4A9B009E509A4A029934
:103FF0009C509A4A99509A4A9E5016E7049B4E3319
:104000009B00FB1859680903890D914200D93FE7CD
:10401000DA889204920DA24200D239E79E88029B70
:10402000B605B60DB342DAD23300D8E7D2185288BB
:104030009204920D0892039A9C582403A40D012E19
:104040003AD0022E00D023E7049B4E339B00FB188E
:104050005A681203920DA24200D919E7DA8808992A
:104060009204920D8A4200D212E79D88029AAD0511
:10407000AD0DAA4200D22A00059B039902339B0092
:104080005B5A9B059B0D9A4200D901E72000FA215B
:104090006843F430FF30490005F0CAFB0600079B77
:1040A0006F4A9B009E506B4A08999D506A4A9950EE
:1040B0006A4A02999950B8E6049B4E339B00FB185C
:1040C0005A681203920DA24200D9E1E6DA880899F3
:1040D0009204920D8A4200D2DAE6FA209E884000CD
:1040E000B605B60D704301382100001905F0A0FB9C
:1040F000FA22029B52005343013B0500210018198C
:1041000005F096FB2A000290854200D20200059B32
:10411000039902339B005B5A9B059B0D9A4200D981
:10412000B6E6BCE7D3183022D9781140102900D068
:10413000AEE60499062900D8AAE6059903985B889B
:10414000890041189B050891497ADB0D5B00490005
:10415000002E2DD0032E00D09AE604984E30800019
:104160003818C4792240102A00D091E6049A9500AC
:104170003E227D19FF32AA5C5200914200D987E6A7
:10418000C488A405E40D6400A34200D280E6FA21AD
:10419000029849006043F430FF3005F049FB9E234C
:1041A0005B00ED5C0200AD00A84225D22A0023E0AE
:1041B000049A4E329200BA1854682403A40DA14206
:1041C00000D965E6A34200D262E6FA219088490050
:1041D0008005800D6043F430FF3005F029FBFA21A3
:1041E0000500029849006043F430FF3005F020FBE1
:1041F0002A00854200D20200089B1B7A9B009A424B
:1042000000D945E6079B134A9B009D50124A9C50DB
:10421000124A9850124A9D5007E60698FFF7E2F8B6
:1042200000230371059B013305936B461B7D0E93A1
:104230000E9A0C9B934200D977E5049B01330493BB
:10424000099B0233099335E50A94EBE70023EBE77A
:10425000481000204C100020501000205810002062
:104260005410002070B5D2250C00ED0060590021DB
:10427000FEF7A2FA60590021FEF7F2FA70BDD223D0
:104280000A0010B5DB000121D058FEF7B3FA10BDCB
:1042900073B50C0005000878FFF7ACF8217806002C
:1042A000002903D0C023EDB29B00ED18C2239B0070
:1042B0009D4203D01F4B9D4212D073BDD323DB0020
:1042C000E0584B425941FF23494299431A4BC918C0
:1042D000FEF771FED223DB00E058FEF7F9FAECE7B7
:1042E000002216492000FFF767F9D322D20003000D
:1042F0002178A058002B12D14B425941FF2349424B
:1043000099438123DB00C918FEF755FED223DB0059
:10431000E058FEF7DDFA200073689847CDE70029E2
:1043200000D0054D064B2A00009321000123FEF723
:104330006DFDC2E7090300000904000088130000B6
:104340009142000070477047F7B504002178FF25BF
:104350004B425941D326D227114B4942F600A9437B
:10436000C9188059FF00FEF726FEE0590021FEF72C
:1043700041FAE0590121FEF71FFA2278A059534271
:104380005A41084B5242AA43D218074B21000093CE
:104390000123FEF73BFD2000FFF7D4FFF7BDC04629
:1043A0003C0400003D0400006542000010B50078A8
:1043B00001F090F80400FFF7C7FF23008022A83324
:1043C000D20520001A6017210022FFF733F90020E0
:1043D00010BD0000D223DB0013B50400C05800213B
:1043E000FEF71AFAD3232278DB00E05853425A41F1
:1043F000FF2352429A43064B2100D218054B0093EB
:104400000523FEF703FD2000FFF79DFF13BDC04607
:104410003C0400007F42000070B5040000780D00ED
:10442000FEF7E8FFD223DB008582E058FEF750FA62
:10443000290000222000024BFFF74CFB70BDC04654
:10444000AD43000070B5040000780D00FEF7D2FF08
:10445000C582322D04D800222A212000FFF7EAF875
:1044600070BD000070B50400FCF753F9D223DB00E7
:104470000500E058FEF72CFA87239B00E35C002B35
:104480000ED0230098331B78002B09D12378064ADD
:10449000D15C002904D101312000D154FFF79AFFEB
:1044A0002800FCF73AF970BD5C100020F0B50778E1
:1044B000040085B038000E00FEF79CFF0500FCF7F5
:1044C00028F9002103902000FFF725FB2000FFF7CB
:1044D0003BFF0022254BDA55D223DB00E058FEF7E4
:1044E000F7F9D323DB00E0582378002B39D0812162
:1044F0001F4AC900FEF774FD002E2BD087239B00B6
:10450000E35C002B26D0D223DB00E058FEF7D6F97F
:1045100022786E6053425A41FF268123D3275242AC
:10452000DB00B243D218134BFF002100E059029385
:104530000093FA23FEF76AFC2278E05953425A416D
:104540000D4B5242B243D218029B2100009301232B
:10455000FEF75CFC094B0398AB82FCF7DEF805B074
:10456000F0BDC221064A8900C4E7C0465C100020A5
:104570000A040000914200000904000088130000B2
:104580000A030000032270B5104B0400C35C0D0049
:104590000C261340022B04D093420DD05A1E934197
:1045A000DE1C2078FEF71EFF06712078FEF71AFF4A
:1045B00001002000A84770BD85239B00C3189B7C89
:1045C0000426012BEDD90C36EBE7C0460E020000A5
:1045D00070B5094B0400C35C0D001026012B00D8F8
:1045E0000C3E2078FEF7FEFE06712078FEF7FAFEFC
:1045F00001002000A84770BD2602000010B5FFF79B
:10460000E7FF10BD70B50E0005000078FEF7FAFE5A
:1046100071680400002914D0327A042A11D992104A
:10462000013A0271C16092001C3005F0C9FA002302
:104630006371A371044BEB581A8922845B896385EB
:1046400070BD00232371F2E78C060000F0B507006F
:1046500085B000780E000392FEF7D4FE5B4B00227B
:10466000FB5C5B4901930300A9331A703289040093
:104670000A40802109028A4200D09FE0B2681D3BB7
:104680001A60737A41785B069B0FD8B20A1C81428C
:1046900000D91A1C6270737AE178DB069B0FD8B2DE
:1046A000D5B20A1C814200D91A1CE270D3B28C2206
:1046B000944620000293A444012362463F21A8307F
:1046C000037012781140802252420A4361460A70F8
:1046D000404ABA5C002A02D0019A9A425BD97278A9
:1046E000012A06D1337ADB06DB0E012B14D0062B10
:1046F0004DD0029B6D01DB001D43230078218D33DB
:104700001A780D408A4315431D7021003800039B21
:104710008C31984705B0F0BDFF2372891B029A4285
:10472000E7D12679002EE4D0210006702000B200E7
:104730001C318C3005F006FA002D1FD123003821E2
:1047400090331A68244B134092B21A431B0E19403F
:104750002B00182901D093005B0F2049DB060A408B
:104760001A431B0E283B59424B410433B34202D239
:104770002100A8310B70230090331A6021003F23E1
:104780008C310A781A40013313430B70B1E72300D0
:10479000A9331A70ADE71F21327A1140062903D1DF
:1047A0002200A9321370A4E7D206D20E052AA0D99E
:1047B000FF227189120291429BD1F1E7019A012AED
:1047C00002D802221A70A0E70322FBE726020000AB
:1047D000C080FFFF2502000000001FFCFFFFFFC795
:1047E0000F4B07B51A6801321A601B68022B0CD9EF
:1047F0000C4B0D4A1B685A60BFF34F8F0B4B0C4A92
:10480000DA60BFF34F8FC046FDE70A4B0A480093BA
:1048100001220021094B0068FEF7F8FA07BDC046E7
:1048200064100020EC0000200C3003C000ED00E01C
:104830000400FA05E147000060100020EE020000CD
:1048400070B5184B184E18603368184D1A68AA4294
:104850001FD19C68164A596891420ED1154B1B68AE
:10486000002B02D000210800984701340022336851
:104870001D605A605A609C6070BD5A680E4B9A4227
:10488000F4D10C4B1B68002BF0D00121002098477D
:10489000ECE7084B1B68002B02D002210020984750
:1048A0000024E3E760100020EC000020EFBEADDE46
:1048B0000C3003C0681000200C3003D007B5064B45
:1048C000064800930122064B00210068FEF79EFA7D
:1048D0000022044B9A6307BDE147000060100020EE
:1048E000EE020000000003400022014B1A607047F6
:1048F00064100020064B074A1B685A60BFF34F8FB5
:10490000054B064ADA60BFF34F8FC046FDE7C0464D
:10491000EC0000200C3003D000ED00E00400FA05AC
:10492000002801D0014B18607047C0466810002075
:1049300004307047F7B50400150002260898002CD3
:1049400000D187E1002900D184E1002A00D181E172
:10495000002B00D17EE1002800D17BE1E7260A7818
:10496000F6002270C14A0027A251C14AA5508D22EB
:104970009200A350D223DB00E150BE4B099AE050D5
:104980000433E2508422BC4B3900E7509200201DD2
:1049900005F0EAF8D423DB00E61890223900300055
:1049A00005F0E2F8B54B0E223900E01805F0DCF80E
:1049B0008E23AC229B0039005200E01805F0D4F899
:1049C000E423BB229B0039009200E01805F0CCF8EC
:1049D00023002200BC33C0321A601E22A84BE254CE
:1049E000297CB94200D137E130002A7E696905F09F
:1049F000E7F8A44B697CE018002900D131E16B1C79
:104A0000DA7FE96905F0DCF8DC230022DB00E3183B
:104A10001A709D4BE3181A702B008C3301931A788F
:104A2000131C062A00D906239849DAB261180B70C4
:104A30002900974B9200E018903105F0C1F82B0047
:104A40008D331A78934BE3181A702B008E331A7833
:104A5000131C062A00D906238F4ADFB2A21813704E
:104A6000E1232900DB00BA00A831E01805F0A8F81E
:104A7000E4232900DB007A00E018C03105F0A0F83B
:104A80002B008F331A78854BE3181A702B008E3366
:104A90001B785A1E9341824AA2181370019B1B78FF
:104AA0005A1E93417F4AA21813702B0088331B684B
:104AB0000122B3637C4BF363ED235B00E2546B1D77
:104AC000DB7FAA1D2371D27F022B00D01A006271F6
:104AD000EB1DDB7FA3712B000833DA7FE423FF3368
:104AE000E2542B0028331A7823006A331A702B0003
:104AF00029331A7823006B331A702B003B33197853
:104B00007F220800113B1B7890431340220003438F
:104B10006C3213702A002B32107822005B066D3243
:104B2000DB0F1070A3722B002C331B785A1E93419D
:104B300085229200A21813732B002D331B78E37388
:104B40002B002E331B78581E834123742B002F33E8
:104B50001B7863742B0030331B7823752B003133A3
:104B60001B78581E834193732B0032331B7820002F
:104B7000A3742B0034331B7824305A425341F12262
:104B80005200A3542B0035331B785A425341E22282
:104B9000FF32A3542B0036331B78A3752B00373319
:104BA0001B7863752B0038331A780133E2721B7857
:104BB000920023732B003A331E78A1732900667389
:104BC0003C3104F0FDFF29002000B2005831403094
:104BD00004F0F6FF29002000720074315C3004F00C
:104BE000EFFFF223AA795B00E25429890833E152EE
:104BF00069890233E152042A08D9E968002905D0FD
:104C00002000F130043AFF3004F0DAFF33352B781E
:104C10002000013B5A425341C822E374234B9200C7
:104C2000E2520023153AFF3AA352214AA35403F05B
:104C3000A9FC061E0ED1200001F048FB2300012232
:104C400084331A70EA231B4A5B00E25022781A4B25
:104C50009200D4503000FEBD1922300004F084FFD1
:104C6000C7E6182204F080FFCEE6C046929E000000
:104C70008C060000940600009C0600007C060000E4
:104C80003C070000BC060000E2060000EB06000046
:104C9000EC060000EA060000070700000607000017
:104CA00005070000E9060000000010323E07000082
:104CB00011020000078934146C100020030010B5A5
:104CC0000220002B1AD0832189005A5A002A01D0D1
:104CD000013A5A520A4A0C209A5830321278002A65
:104CE0000CD15A5A002A09D1190085310A7087223D
:104CF000012192001800995403F058FC10BDC046E1
:104D00008C06000073B500236A4605000E000224DD
:104D1000D37198420BD0994209D00B7085239B0028
:104D2000C3181B7A002B04D1012300243370200008
:104D300076BDD11D03F080FC041EF8D16B46DB79F3
:104D4000002BF4D1280001F00BFB0028ECD0EEE79B
:104D500073B56B46DC1D002306000D000220237096
:104D60009E4215D0994213D021003000FFF7CAFFB0
:104D700000280ED12378002B08D087239B00F35CFA
:104D8000002B03D02100300003F0A6FC23782B7009
:104D900076BD0C20FCE713B500236A460C00D371E6
:104DA0000233002808D0002906D0D11D03F0ADFC45
:104DB0006A460300D2792270180016BD70B505004E
:104DC000022400280AD087239B00C45C002C07D053
:104DD00003F0E6FD280002F00FFF0024200070BD64
:104DE000030085331A78002AF8D01C7003F0A2FD66
:104DF0000400280001F0ABFAF0E70000F0B5664BC4
:104E00008BB0C3580400DB88009385239B00C31834
:104E10001B7E002B02D1F533FF3300932000E37A91
:104E200009301C220021FF30099304F09DFE009BF5
:104E300000275B000893230024330193009B049711
:104E40009B059B0D0397079385239B00E318987C94
:104E5000039A099B934227D82100FC314F4ACB6823
:104E6000C025134022006A321278AD0512051343A3
:104E700022006B32127812072A401343012800D80F
:104E800086E0474A13402200CB600123FF32117BAA
:104E90000B4313732300049A7B331A70B62301204B
:104EA000FF33E7540BB0F0BD039A237BD3400122BC
:104EB000134250D0019B1E681D8833039B0D029343
:104EC000019BAD059B78AD0D9B069B0F0593019B48
:104ED000DB789A069B09920F0693012804D83F219C
:104EE000330E8B43C02B36D0069B032B22D81800E1
:104EF00004F080FC02384940009B9D4204DD069B83
:104F0000079D0593012715E0264A029B16409B0248
:104F10001E43254A059B16401B051E43002B09D046
:104F20006E206421684304F083FC009B834201D21D
:104F3000069B0593029B059A9B022B431205B60D17
:104F40001343B6051E43049B40339B00E3189E6049
:104F5000049B01330493039B01330393019B0433AC
:104F6000019371E7089B029A53439D42E2D99B0546
:104F70009D0DC7E7002ADDD0029B009A934202DD17
:104F80000127079B0293009BAB42D3DA079DB9E749
:104F9000064A1340CB607DE794060000FFFF0FC078
:104FA000FFFFBFFFFF03F0FFFFFFCFFFFFFF3FFE4D
:104FB000F7B50400437B3D301C220021FF300193F4
:104FC00004F0D2FD0022852126002700130089006D
:104FD000601840365C37817C8C46019999421FD815
:104FE0002000FC30036C2049C0250B4021006C31AF
:104FF0000978AD050905194323006D331B781B079C
:105000002B400B4303646346012B05D8611CFF3121
:10501000CB8F16480340CB877C3401202270FEBD25
:10502000A17B0125D94029421BD06146A94207D85E
:1050300019000E3189006118C97A8909032910D035
:1050400011009D004E317559890061184D6059005D
:10505000795A8C46110065467431490061188D807B
:1050600001320133B7E7C046FFFF0FC07FFEFFFFED
:10507000324BF7B5C51800231E0001930200002132
:105080002532B300FF32D1502D4B0122C3181B78BB
:105090003341134228D029882B6889058A0D94460C
:1050A0001100AA78EC789206920F00923F22A40990
:1050B0009B00A7079B083B431F0E9743402F13D02D
:1050C000002C1BD0022C2BD0009A12050A431D493C
:1050D00011401D4A1340019A0B4347329200821837
:1050E0009360019B0133019301360435062EC5D12F
:1050F000164BC018019B03700120FEBDFA2252001E
:10510000914216D8009A1705114A13403B43002FCD
:10511000DAD06E274F430F4A9742D5DD0094D3E78C
:10512000FA2264465200914201D90B4A1488A1B276
:10513000CAE7FA2100944900C6E7C046EC06000021
:10514000EA060000FF03300000FCCFFFE406000089
:10515000FFFFCFFFB3C30000849E0000E123DB000C
:10516000F0B5C5181833C41800231A001E001749DB
:1051700001276E50164966521649411809781141A7
:10518000394219D01100D4271A3189004118FF0083
:10519000C919C978890901290ED0190055312F681C
:1051A000890041184F6021888C46190067467B3181
:1051B000490041188F800133013204350234062A38
:1051C000D5D1054A801803700120F0BD50FAFFFFC9
:1051D000DAF9FFFF06070000E5060000852201005E
:1051E00092008218D27AA43103000888002A03D0E2
:1051F00099331B780B2B05D8034A031C904200D926
:10520000131C98B27047C0468813000010B5FFF712
:10521000E5FF044B984202D01420404210BD1B20F1
:10522000FBE7C0468813000002207047022310B538
:10523000002804D0994202D804F0A0F90300180015
:1052400010BD022310B5002802D001F080F8002321
:10525000180010BD03000220002B04D0DC22002027
:10526000D2009B181970704703000220002B07D052
:10527000002905D0DC220020D2009B181B780B707F
:105280007047000003000220002B03D00020024AD8
:105290009B1819707047C046E10600000300022009
:1052A000002B06D0002904D00020024A9B181B784E
:1052B0000B707047E10600008D2310B59B00C358AA
:1052C00000221B68984710BD8D2310B59B00C35862
:1052D0001B68984710BD000010B504009C30FDF716
:1052E00053FC054BE358002B04D01B68002B01D066
:1052F0002000984710BDC0469C060000F0B5040091
:105300000D001700022085B0002C5DD0002B05D1C8
:10531000230095331B780D30002B55D185239B003E
:10532000E618337A002B65D0B37A002B62D02300C5
:10533000823301931B78002B0ED123009C331B6812
:10534000002B09D12C4BE3181B78002B07D0E82346
:10535000DB00E35C002B02D10F20052D21D12300BF
:1053600099331B78132B04D00B20052D19D1002B5A
:1053700017D0B37C012B19D80123019A1370230095
:105380000A9A81331D7033331A60DA2300225B00DE
:10539000E254974226D1802120008900FFF79CFF2C
:1053A0000020E8230022DB00E2540DE0052DE3D0CD
:1053B000337E002BE0D1737D032B07D02300953380
:1053C0001B780E20002BD7D105B0F0BDD223DB0017
:1053D000E058FCF751FC03AB1880327F9B5C032B39
:1053E000ECD1C9E72300BC332C223900186804F043
:1053F000E7FBD0E70B20D4E73106000013B500220D
:105400000C0013001C2120000092FFF777FF0028FA
:1054100015D0DC23DB00E3181B78002B0FD0D3233F
:105420002278DB00E058531E9A41054B120200938C
:10543000782310322100FF32FF33FDF7E7FC13BD64
:10544000FD53000010B59C30FDF7ABFB10BD000014
:10545000862310B504009B00C018FDF795FB054B93
:10546000E358002B04D01B68002B01D02000984784
:1054700010BDC0469C060000022370B5002816D05F
:1054800087239B00C45C0B23002C10D005008335C0
:105490002C780433002C0AD1030086331970323380
:1054A0001A608021FFF7D4FF01232B70230018001E
:1054B00070BD862310B59B00C018FDF772FB10BDB0
:1054C00003000220002B02D00020014A99547047AB
:1054D0000E02000003000020012B02D8014A9B00AD
:1054E000985870476C100020704710B5FFF720FAED
:1054F000020000237E32B0301370036010BD000044
:1055000070B50400FFF714FA05002000FFF78CFEC9
:1055100085239B00E3189874E723DB00E3580128F8
:1055200011D11B78094AA3542B008A331870587084
:105530000123074A76352B70A354C423DB00E418FB
:105540000023237070BD5B78ECE7C0463C07000089
:105550003D070000F8B50600FFF7EAF933780500CB
:10556000002B64D084278024BF00A400300003F007
:10557000A5FFD323DB003A002100F058FDF730FDF2
:10558000BB230024DB00F3181C702B4B3000F452BB
:105590002A4BF4500433F450294BF3181C602B00B1
:1055A0007A331C70013B1C70093B1C7085239B00E7
:1055B000F318DC73DC722B00A8331C60DA235B0069
:1055C000EC502B00AC331C703B3B1C7024331C7024
:1055D00003331C60253B1C70C0235B00EC502B0088
:1055E000FC339C671C675C67C2235B00EC502C3368
:1055F000EC54FFF785FF134BF3181C702B0091330D
:105600001C70EA235B00EC54DC23DB00F4520E4BED
:10561000F3181C702B008E331C70C523DB008D35F6
:10562000F3182C701C70094BF6183470F8BD8827DD
:1056300080247F00640099E7DA050000DC050000A3
:105640000C060000210600003106000029060000BB
:1056500070B50500FFF76CF985239B00EB18DA7A2B
:105660000400002A09D0987C23008A3318708B34F8
:105670002278824200D21A7070BD2800FFF7D4FD54
:10568000F2E70000F7B505000C001600FFF750F92F
:105690000700B0373B687E3000930378002B19D0A9
:1056A000032C01D000230370009B002B12D0321E6C
:1056B00008D0094B3C22EB1831001800019304F08C
:1056C0007FFA019A21002800009B9847032C01D003
:1056D00000233B60F7BDC046DC04000010B500228B
:1056E000FFF7D0FF10BDAB23DB0010B5082204008C
:1056F000C01804F065FA80212000C900FFF7ECFD16
:1057000010BDAC23DB0010B520220400C01804F04B
:1057100057FA802120000901FFF7DEFD10BD0000CF
:105720001300D32213B50400D20080582278002A37
:1057300003D08022C9B292008918034A00920A005D
:105740002100FDF763FB13BDDD57000070B50D00B0
:105750000400FFF7EDF8132D02D100220C4BE254A8
:10576000D323953005702178DB00E0584B1E99411A
:10577000802509020A31FF31FDF71DFC6900200078
:10578000FFF760FE04212000FFF7A6FD70BDC046B4
:10579000E305000010B50400FFF7CAF8030000217C
:1057A000913319700A4B7D30E3181970094BE318D7
:1057B0001970094BE31819700378062B02D02000EA
:1057C000FFF78CFF0C212000FFF7C0FF10BDC04683
:1057D000E305000031060000320600000B7810B52A
:1057E0000C00002B02D0C0B20130FF300A23FF337F
:1057F000984219D0013398420CD20223FF339842C9
:1058000015D0C11EFF394A42514149032000FFF71C
:1058100063FD10BD0E23FF3300219842F6D1200016
:10582000FFF7B8FF0021F1E780214900EEE7802172
:105830004901EBE770B58025124CAD000553124CC1
:10584000041921701149441800212180104C0419B9
:105850002170104C04192360BD23DB00C3181A808B
:10586000BE23DB00C31819700B4B0122C31819604B
:10587000BF23DB00C31852421A801431FFF766FFC2
:1058800070BDC046E4050000E6050000EA05000022
:10589000E7050000EC050000F40500000023104AB5
:1058A00010B583520F4A821811700F4A14218218C2
:1058B0001370BD22D20083500C4A82181360BE229E
:1058C000D200821813700A4A82181360BF23012283
:1058D000DB00C31852421A80FFF738FF10BDC046E4
:1058E000E4050000E6050000E7050000EC05000007
:1058F000F405000070B5134C134E055D002484536D
:10590000124E86193170124941180D801149411803
:105910000C70114941180C60BD21C90041180C8060
:10592000BE21C90041180A700C4A14218218136064
:10593000BF230122DB00C31852421A80FFF706FF83
:1059400070BDC0463C070000E4050000E60500000D
:10595000EA050000E7050000EC050000F405000082
:10596000F8B50400FEF7E4FFE4239B00E3580500CC
:1059700098780138102800D987E003F03BFF16869D
:10598000959516091686868686161616162D6A00B1
:105990000121504AA2181170F0225200AA5C002A7C
:1059A00004D110212000FFF779FFF8BDD988C9057F
:1059B000C90D02290CD19B68DBB2002B08D12B004A
:1059C000E933FF3392B205312000FFF733FFECE7F4
:1059D00012220721404BF7E701213E4AA21811701D
:1059E000DA88D205D20D8A42DBD99B689BB2032BA1
:1059F00012D0042B26D0022B01D00F31D2E72B7806
:105A0000012BCED0354B1B21E3181B78012BC8D1BD
:105A10002000FFF79BFEC8E785239B00E3181B7E51
:105A2000012BBED1DC22D200A2181278002ABCD0F1
:105A30008D352A78102153400222DB031A4392B29B
:105A4000274BC1E785239B00E3181B7E002BACD0BE
:105A5000A7E785229200A218127E002AA1D1072270
:105A60009A56D979002A1DDADA88D205D20D1A2A77
:105A700018D91C481E00271878200836014206D184
:105A80001A223100380004F09BF8022310E0223380
:105A900031001A3A180004F093F81A223900300045
:105AA00004F08EF80921B3E701230A4AA218137003
:105AB0000A2191352B700C4B2000E25CFF31FFF77F
:105AC0002FFEE4239B001E212000E258FFF7FCFB81
:105AD0006BE7C046E30500009C9E00000507000040
:105AE000989E0000330600003C07000070B50500DA
:105AF000FEF71EFF0300002671331E7004000A210A
:105B00002800FFF7D9FB31002800FFF7E7FD280048
:105B10000221FFF71BFE04239834236070BD0000B0
:105B200070B50400FEF704FF020000238F327030CE
:105B300013700B2103702000FFF7BEFB8D239B0029
:105B4000E5582000EB690A49984785239B00E31834
:105B50005A7D084B5200D15A20002B6A98476B6A35
:105B60002000984707212000FFF7F0FD70BDC046D8
:105B700088130000889E000070B50400FEF7D8FE70
:105B800023780500002B1ED08422802192008900FA
:105B9000852300269B00E318DE72D323DB00E05848
:105BA000FDF71EFA2B007D331B78052B03D0310047
:105BB0002000FFF793FD01212000FFF7C7FD04231C
:105BC00098352B6070BD8822802152004900DFE7A4
:105BD000F8B50400FEF7ACFE214B0500E61833785B
:105BE000002B11D1E423012702009B00E3588E32E1
:105BF000DB7A20003B401370FEF79AFE03003770FB
:105C00008E331B788D300370C423DB00E6183378A5
:105C1000002B22D1E4239B00E3588C351B79200014
:105C20009B092B70FEF784FE3378002B15D185225B
:105C30000133920033708C30A2180378917C994222
:105C400008D99374E722D200A158064A012B05D146
:105C50000B78A354200003F057FCF8BD4B78F8E70D
:105C6000210600003C070000E4239B00F7B5040078
:105C7000C658881E062833D803F0BCFD044E4A4A95
:105C8000723246000023584A1D1CA7183B70F37956
:105C90007F2B09D90A210F222000FF31FFF740FD99
:105CA000524B1D8802233B70B268200092B26D0AED
:105CB000022A16D1FFF77CF92000FFF74FFA4C4B70
:105CC000E3181A786B0207325206D20D13432200F2
:105CD0003D32FF32009212220021200003F0B2FC7C
:105CE000F7BDFFF78BF82000FFF7C2F9414BE3182F
:105CF0001A786B0207325206D20D13432200093282
:105D0000FF3200921122E7E710212000FFF7D4FABA
:105D10002000FFF73FFDE3E7334BE5182B78002B1E
:105D200019D0D3232178DB00E0584B1E994109029A
:105D30000A31FF31FDF73FF92B78013BDBB22B70C5
:105D4000002B08D00A211B222000FF31FFF7E8FCBE
:105D50002B78002BC4D113212000FFF7F7FCBFE7FD
:105D6000D3232178DB00E0584B1E994109020A3108
:105D7000FF31FDF720F9B2781300113B012BAFD8AA
:105D800007217156F3790029AADA7C210B400C2BEC
:105D900026D1122A16D1164BE3181978164B073163
:105DA0004906C90D0B4321005731FF3100910021F5
:105DB000200003F047FC0A210F222000FF31FFF7EB
:105DC000AFFC8DE70B4BE3181A780B4B07325206EA
:105DD000D20D134322002332FF3200921122E6E754
:105DE0002000FFF7F5FE93E74D060000869E0000B9
:105DF000E5060000E40600000088FFFFF0B587B06C
:105E00000E000400FEF794FD0500B01E08283FD8E0
:105E100003F0F0FC05444049493E3E3E4D00200061
:105E2000FFF7C6F8E423DC219B00E358C9005A7948
:105E300061183C2603917F2A08D90A78002A05D0E8
:105E4000DE8820000836F6B2FFF788F9A323C227C0
:105E5000DB00E018893BFF3B7F00E1583200E8514E
:105E600003F0AEFE8D239B00E3582000DB6A264A38
:105E7000E9599847039B1B78002B09D0234BE31863
:105E80001A78012A04D1002220001A70FFF774FE4C
:105E900007B0F0BD98352B685B0604D50A212000B9
:105EA000FFF754FCF4E72000FFF774FCF0E7184B11
:105EB000E018AC3BE3181A680260120E53065B0F41
:105EC0007F2A00D90833E42263339B00E318920051
:105ED0009A58C123DB00E3181A60DC23DB00E318C7
:105EE000197800290BD0016804AB04910592009346
:105EF000092202230021200003F076FBC8E70123DA
:105F000002220090F7E7C046E75600005C0500005B
:105F10000406000070B504000E00FEF709FD050040
:105F2000022E12D1012373352B70D223DB00002106
:105F3000E058FBF735FA200003F02AFC0A2137224B
:105F40002000FF31FFF7ECFB70BD082EFCD12000D4
:105F500003F028FC0023733520002B70FFF7C6FDEB
:105F6000F2E710B5022901D103F026FC10BD0000B4
:105F700070B50400FEF7DCFCD22300250600DB0030
:105F80000021E058FBF70CFA1F4B2000E3181D70AE
:105F90001E4BE5500433E5501D4BE3181D603300E4
:105FA000FC331D675D67C0235B00F5509433E31835
:105FB000DD72DD7303F007FC330098331D60073B8F
:105FC0001D70EA235B00F554124B2000E3181D708E
:105FD000FFF796FAD3232178DB00E0584B1E994156
:105FE00009020E31FF31FCF7E6FF0B4BE3181D7081
:105FF000DC23DB00E552094BE3181D70C523DB00F1
:10600000E418257070BDC046DB050000DC0500000B
:106010000C0600002106000031060000E206000028
:1060200070B504000D00FFF757F980239B029D42D5
:1060300007D135212000FFF73FF929002000FFF7A5
:1060400001FA70BD10B5040002290BD1C223DB0098
:10605000C21803230C311370FFF736F91321200007
:10606000FFF774FB10BD000010B5040002291FD11A
:106070008D2314229B00C3580F491B695242984735
:10608000002803D02000FFF74BFD10BDD32321785B
:10609000DB00E0584B1E994109020A31FF31FCF741
:1060A000DBFF0028F1D004212000FFF715F9ECE711
:1060B0000829EAD1E6E7C0468813000010B50A4B6C
:1060C0000400C3181B78092B0CD185239B00C21830
:1060D000537C59424B41537403F016FA12212000AD
:1060E000FFF734FB10BDC0461F0600008D2370B5BE
:1060F0009B00C2582E4B0400C318881E1B7808282A
:1061000016D803F077FB051C353535151515390004
:10611000093B18000A2B0BD803F06CFB060B0E0A88
:106120000A0A0A0A0A0A40002249136B200098470B
:1061300070BD2049536BF9E71E49936BF6E71E4A81
:10614000A218117803290FD00D210A2B04D00B3B84
:1061500019004B4259410E312000FFF7B5F81321C9
:106160002000FFF7F3FAE3E72000FFF7A7FFDFE7E0
:106170002000FFF70FFBDBE7104A0F49A218127847
:1061800065182A70092B06D1012A04D12A000E2194
:106190002000FFF799F82A78012A03D12000FFF7A1
:1061A000EBFCC5E70021200003F0F2F9C0E7C04690
:1061B0001F060000E7560000FA0500005C0500001D
:1061C00010B50400032912D002D8022906D010BD50
:1061D00004390229FBD8FFF7CFFCF8E7002103F0D0
:1061E0009BF903220021200003F0D2F9EFE70421FC
:1061F000FFF774FA08212000FFF7A8FAE7E700008C
:1062000010B50400022925D1FEF792FB02000023FD
:106210009032137085229200A21813740E4AA218AD
:1062200013700E4AA21813800200FC3213675367E2
:10623000B222FF328354200003F080F9200003F0E3
:1062400063F9D223DB00E058FBF77EF80821200039
:10625000FFF77CFA10BDC046D9050000DC05000040
:10626000F8B504000E00FEF763FB0500022E27D1EF
:10627000020001238F32137085228D269200A71809
:1062800020003B74B600FFF773FEA359797F9B682B
:106290002000984700236B357B737B742B78D9B231
:1062A000002B03D1A35920009B6A984703212000AB
:1062B000FFF74CFA0A212000024AFF31FFF730FABB
:1062C000F8BDC046EE02000070477047E52310B5E8
:1062D0009B00C218043BC250B73BFF3BC35C0E4956
:1062E0005A1E93410D4ADBB282181370DE23FF332E
:1062F000C35C5A1E93410A4ADBB282181370EF2323
:106300005B00C35C5A1E9341064ADBB282181370CD
:1063100003F0BEF810BDC046216000008D030000F0
:106320008F0300008E03000070B50500FEF700FB30
:1063300004002800FFF70EF92300072295331A7096
:10634000042398342800236003F0B0F870BD10B522
:106350000400FFF7FFF800212000FFF7BFF910BD90
:1063600070B50600FEF7E4FA030095331C780500CB
:10637000002C01D1002070BDD3233178DB00F05810
:106380004B1E994109020A31FF31FCF765FE2B00D3
:1063900098331B68002B01D00120ECE70028FBD1CB
:1063A000300003F093F80028F6D171352B78002BDC
:1063B000E0D1132CDED020000838431E9841C0B233
:1063C000D9E7000070B5040004A80588072903D0A8
:1063D000267800208E420DD1012A0CD0022A0ED040
:1063E000002A10D161781000002903D162790020C1
:1063F0007F2A08D970BD6278101EF7D1FAE762795A
:1064000000207F2AF6D9002B08D02279D206D20E9E
:10641000D3400122180010401342EBD0044B01205E
:106420009D42E7D06078401B43425841C0B2E1E74B
:10643000FFFF000013B50B000021E4240091A4002D
:106440000A000059FFF7BEFF16BD000070B53B4BB8
:106450000400C318881E1D7806280AD803F0CAF95C
:10646000040A161B230968002A000021200003F0FB
:106470008FF870BD20000321FFF730F90A21304B5F
:106480002000E25CFF31FFF74BF9F2E7002120002A
:10649000FFF724F942E001212000FFF71FF9200057
:1064A000FFF778F9E5E708212000FFF7C3FF002890
:1064B0000AD0E4239B0020000421E258FFF7E2F811
:1064C0002000FFF7FBFDD4E71E492000FFF7B2FFD5
:1064D000011EE1D00B2D26D1E4239B00E3580435A7
:1064E0009B78102B0DD185239B00E6182033E358B1
:1064F00020005B68717F984701232000737303F0CD
:1065000003F8E426B60004212000A259FFF7BAF8E8
:10651000A259290020000232FEF7D6FE13212000E6
:10652000FFF714F9A5E70A3D6B1E9D410D35E8E71D
:1065300010212000FEF7C0FE0221A8E71F06000080
:106540003C0700001010010010B50400881E06284A
:1065500012D803F04FF90412262E30113F004021CB
:106560002000FEF76FFF0021200002F0D5FF0D2272
:106570000021200003F00CF810BD194B2000E21898
:10658000002313211370FEF79FFE20000321FFF765
:10659000A5F80A21134B2000E25CFF31FFF7C0F899
:1065A000EAE700212000FFF799F82000FFF7E4FA5E
:1065B000E2E70121F6E708212000FFF73BFF002872
:1065C000F3D020000421FFF789F808212000FFF70D
:1065D000BDF8D1E710212000FEF76EFE0221E1E7B1
:1065E0001C0600003C070000F0B587B004000391D2
:1065F000FEF79EF98D239B00E758C123DB00E318CB
:106600001E68964B0490E3181D68039B062B00D16F
:10661000A1E0082B00D111E1022B12D1DC23DB0019
:10662000E3181B78002B0ED08D4A0A212000FF3181
:10663000FFF776F88B4BE2181378002B06D0002377
:10664000137007B0F0BDFA225200EEE785229200E7
:10665000A218D27A0393002A03D0049B9E331B888E
:1066600003936B0137D5B3059B0D05937E4BE31860
:106670001A783F231100994336D132253603B60DDF
:1066800075432E00794BA9B2E3181980C023DB00B3
:10669000E3181E806B46764A9B8AA2181380039AE1
:1066A000AA424CD002D22000FB69984730226E4BA0
:1066B000E3181B781340102B08D1039BAB4236D84C
:1066C000FA22920094466344AB42BAD232212000AF
:1066D0003B6A9847B5E7674BE3181B781B0701D562
:1066E0002B03C1E7AB05BFE7C02919D105216B0614
:1066F0005B0E5943302305911A4207D1F5012D0E47
:1067000034335D433604360E5E43BBE71920ED0299
:106710002D0D6843642103F08BF864254543B0E7F1
:106720003223B500AD0D36035D43B60DECE7FA2319
:106730009B00ED18039BAB4200D882E7C6E7049AA2
:1067400005999C3212888A4200D27AE7190020000B
:106750003A6A904775E740212000FFF76BFE00285A
:1067600077D0049B049AFC33DD67BE235B00D650D0
:106770002000FEF7DDF802003C4B9E32E3181B8838
:10678000023A5380C023DB00E3181B880500938086
:10679000374B2000E3181B88FC351380852201232A
:1067A0009200A618F372FEF753FF200002F0ACFE31
:1067B000327EAB6F002A00D1EB6F2F4A0321A21863
:1067C00013605B0100D40239C323DB00E3181970A6
:1067D00020001621FEF778FD13212000FEF7B6FFFA
:1067E000049B20009E331988FB699847049B200076
:1067F0009C3319883B6A98477B6A20009847DC23C2
:10680000DB00E3181B78002B00D11AE72000FEF70D
:106810006CFE20001321FEF799FFD3232278DB00C2
:10682000E058531E9A41154B120200937823103200
:106830002100FF32FF33FCF7E9FA02E714210E4B87
:106840002000E2180433E318156019700231FEF7D6
:106850003BFD2000FFF790F9F3E6C0460406000078
:106860009D030000DE0500000B060000FE05000091
:10687000FC0500000706000014060000FD530000A0
:1068800070B5040006290AD0082947D0022905D18D
:106890000A21244BFF31C25CFEF742FF70BD224942
:1068A000FFF7C8FD002835D0E4239B00E3589B7810
:1068B000032B04D10B212000FEF748FFEEE70C2B41
:1068C00009D1DC23DB00E3181B78002B03D0200068
:1068D000FFF752F9E2E7154BE518154BE3181B6873
:1068E0002B6085239B00E318DA7AC323DB00E318CF
:1068F000002A0BD00C2213211A702000FEF726FF6D
:106900002A0016212000FEF7DFFCC7E7102208212D
:106910001A70F2E72000FEF73DFFBFE71021FEF7F7
:10692000CBFCD4E73C070000181000001406000060
:1069300004060000F0B591B00D000400FDF7F8FF6B
:10694000062D0DD0082D34D0022D07D10A214D4B34
:106950002000E358FF315A89FEF7E2FE11B0F0BD86
:106960000300012270331A70DC2300217130DB0038
:106970000170E3181F78E423434E9B00E55800960E
:1069800002238F4219D02800FFF71CFD011E10D1F1
:106990000200802328000096FFF714FD011E08D195
:1069A00080230200009628005B00FFF70BFD002803
:1069B00016D02000FFF7E0F8D0E739002800FFF7F5
:1069C00001FD00280CD02000FFF702F9BB230022B4
:1069D000DB00E318092120001A70FEF7B7FEBDE7BF
:1069E000802302220021280000969B02FFF7EAFC88
:1069F000002843D0002F41D00723EB56E979002B24
:106A0000E1DAEA88D205D20D1A2ADCD978230E0001
:106A10001E4019421ED129001C4B1A22E0180831D1
:106A200003F0CEF80F22EB7919495B061B0F0133F7
:106A30001340EA88DB02D205D20D0A43134303AAAE
:106A400000923100112220009BB20396049602F0BE
:106A5000F9FD83E7082E00D080E7280029001A3AC4
:106A60000831223003F0ACF8E4239B00E058074BD8
:106A70001A22E118083003F0A3F8A4E72000FEF77B
:106A800089FE6BE794060000FFFF0000330600005C
:106A90000084FFFF37B50400881E06282BD802F0BB
:106AA000A9FE042A2B2B2F2A2B00DC23DB00E31862
:106AB0001B78002B1FD00A21264B2000E25CFF31FF
:106AC000FEF72EFE0222244B0021E25223009133D6
:106AD0001A7801235340CA22D200A218DB01D370D6
:106AE00003231361CC23DB00E318009353882000B9
:106AF000102202F0A7FD37BD2000FFF73DF8FAE7AE
:106B0000E4239B00E558154B022200930021280046
:106B10000133FFF757FC0028EDD00F22AB682000AF
:106B20001340042BE9D1FEF7E0FC20001321FEF70F
:106B30000DFED3232278DB00E058531E9A41084B08
:106B400012020093782310322100FF32FF33FCF74A
:106B50005DF9D0E73C07000052060000FFFF00008F
:106B6000FD530000F0B585B00400FDF7E1FE002103
:106B700005002000FEF7B2FDD3232178DB00E058AA
:106B80004B1E9941802609020A31FF31FCF713FAA6
:106B900071002000FEF756FC1323002195352B7061
:106BA000AE4B2000E7183970E4260395FFF742FC4E
:106BB000B600011E00D1DDE08523A2599B0092782A
:106BC000E318901E197E16281AD802F027FE5500E9
:106BD000A50168006800A501170022005E005E00A4
:106BE0005E00A501190019001900680063009300F8
:106BF0001700190019007F001900B30001223A7034
:106C00009B7C0421012B00D90C312000FEF746FEAD
:106C100045E001223A70002902D02279022AEFD100
:106C20002000FEF7C5F9230080217C331A788C4BB5
:106C30004900E1528B4BFC39E31819708A4B103133
:106C4000E3181A702200894B3D32E318FF321A60B4
:106C5000BD220023D200A3500832A2181370844A28
:106C6000A2181360BF230122DB005242E3181A80EE
:106C70002000FEF76BFD12E001223A700029BFD11F
:106C80007C4B0B31E3181A70F2E77B4B1021E318B1
:106C90001A70EDE701223A702279002AB0D0D3238E
:106CA0002178DB00E0584B1E994109020A31FF317F
:106CB000FCF7D2F9039B1B78132B05D1002803D1D5
:106CC00004212000FEF708FB05B0F0BD01223A7058
:106CD0002279012A00D193E7684AA218D27F002ABC
:106CE00000D18DE718220F21654BE3182000FEF735
:106CF000A1FDD4E701239621B6203B70FF31625CF1
:106D0000DB189A436254FF30205C002801D0134303
:106D10006354CB2138224900635C9343594AA25CF7
:106D2000D200134363542300953991330722FF3374
:106D3000FF39DBE79A7C012A00D861E74B4B524AC6
:106D4000E318A2181A600123504A3B70444B1421E7
:106D5000E250BD220023D200A3500832A2181370C3
:106D6000434AA2181360BF230122DB005242E318FA
:106D70001A807DE7464BA5590093012203002800A5
:106D8000FFF720FB002800D118E12000FDF7D0FD1F
:106D90008523A6590500B0789B00E3180138197EB9
:106DA0000E2800D92CE702F02FFD0F002BFF370033
:106DB000B700B300BB002BFF2BFF2B00C500F40076
:106DC00002012BFF2BFF7500DC23DB00E3181B788F
:106DD000002B0DD0002907D17D352B78042B00D155
:106DE0005DE7012B00D15AE72000FEF7C5FE56E70C
:106DF000002900D053E72000FEF72CFA092137E7DD
:106E00009A7C012A00D8FBE6DC22D200A218127874
:106E1000002A00D1F4E6E7E7DB7A002B00D13EE759
:106E20002B006F331B788B4200D038E72B0079336F
:106E3000FF33002900D0043B0F22DB789343102B53
:106E400000D02CE7F37A05219343802B00D10FE784
:106E50000621502B00D022E70AE7C046E3050000D8
:106E6000E4050000E6050000E7050000EC05000071
:106E7000F4050000DE0500001F060000A706000064
:106E8000BC0600002C070000DC06000000010C011D
:106E9000FFFF00003378002B00D000E74D4A4E4939
:106EA000A21813804D4AA15285229200A218927C0A
:106EB000012A08D91F224A4BE3185B7E1340063B88
:106EC0005A1E9341DBB2802120003B700901FEF77E
:106ED000B9FA9423DB003100E6183C22300002F0BE
:106EE0006FFE8D239B00E3583100DB6B20003D4A91
:106EF00098470A2114222000FF31FEF711FC80215F
:106F000020004900FEF79EFA142395352B70C6E643
:106F10009A7C012A00D873E62000FEF73BFCBEE60F
:106F20009A7C012A00D86BE6320026212000FEF769
:106F3000CBF9B4E69A7C012A00D861E67278012A7E
:106F400000D0ACE6012906D1274AA2181278012AFE
:106F500000D055E6A3E6F37A052BDDD17C23FF3381
:106F6000EB5C7F2B00D93FE700212000FEF772F990
:106F7000D3232178DB00E0584B1E994109021031E0
:106F8000FF31FCF718F852212000FEF795F908218F
:106F90006EE69A7C012A00D832E6002900D02FE65E
:106FA0007278012A00D02BE632004D31BEE79A7C80
:106FB000012A00D824E632004E21B7E72B78002BB7
:106FC00000D06CE66B797F2B00D868E62000FEF7D6
:106FD000C7FC64E6EA05000006040000E4050000C2
:106FE0008F04000003570000E9060000F0B587B0E9
:106FF00004000E00FDF79CFC0500082E18D0092E99
:1070000035D0062E1ED1D3232178DB00E0584B1E4D
:10701000994109020A31FF319135FCF71DF82B78AF
:10702000012B11D100280FD02000FEF7B3FB09E09F
:1070300091352B78002B05D00023042120002B70E4
:10704000FEF74AF907B0F0BDD04BE31819780029D4
:10705000EAD10A0020002970FEF714FBC0212000AD
:107060008900FEF7EFF92000FFF77CFDEAE720003A
:10707000FDF75EFC03007D331B7821780593030048
:10708000913304931B7807000393D323DB0006009E
:10709000E0584B1E994109020A31FF31B8373D686B
:1070A000FBF789FF802320005900FEF7CBF9B84B8E
:1070B000039AE318002A29D01A700023049A137047
:1070C000059801381F28BDD802F09EFB2300F90166
:1070D0004B0041006900AEFF6D008500B100F90171
:1070E000B700BB00150153006200F3008D019D0144
:1070F000BCFFBCFFBCFF5A0024023C02BCFFB40131
:10710000EC01FE01BCFFA201AB010702039A1A7059
:10711000D6E702239F4AA2181370DC22D200A218DD
:107120001278002A17D001217F206B808D363278AB
:10713000EB784A40D20103401343EB702B002961E6
:1071400020006A8810330F31FEF774FB7AE7914B09
:10715000E21802231370012207212000FEF7CAFB68
:1071600070E702228B4B0821E3181A701023013AB2
:10717000F3E70222874B1121E3181A701300ECE7A2
:107180000222844B1621E3181A7080231B02E4E7C5
:107190000222804B1221E3181A700423DDE720003D
:1071A000FEF7EAFC4EE7C0227B4B9200E250BD2284
:1071B0000023D200A350794AA2181360BE22D20045
:1071C000A2181370764AA2181360BF22D200A21828
:1071D0001380142127E02978200002F09DF9714BDB
:1071E0002978E25C6C4BE31819706F4B0D21E318A2
:1071F0001A806A4BE218002313606C4AA2181370BD
:107200006B4AA1520232A2181380BE22D200A218E9
:1072100013700822624B0731E3181A60BF23DB00AA
:10722000E318093A1A802000FEF790FA0AE70922CB
:10723000604BE31811211A70F5E75E4B0B22E3183F
:10724000F8E785239B00E3189B7C012B03D90222DE
:10725000504BE3181A70504B2A78E3182979287B91
:107260001A70524B0F26E21801231370504A103542
:10727000A21816704C4AA21810804F4AA21811701A
:10728000464A0021A2181560BD22D200A218118022
:10729000BE22D200A21813708022414B1202E318C2
:1072A0001A60BF230122DB00E31852421A80143116
:1072B000B9E78021384B49002A79E1523C4BFB3930
:1072C000E31819703C4B1035E3181A70334BBD228C
:1072D000E3181D600023D200A3500832A2181370D7
:1072E0002F4A0F31A2181360BF230122DB00E318DD
:1072F00052421A8097E73B685878022303380E28D9
:107300006ED802F077FA383E6D5B6D080861616DEA
:107310006D6D6D696500802302229B006978688825
:107320008C461D49AE682F7B2D7861180D700225A3
:107330001E4961180D7065461D4961180D700025C4
:10734000194961180F801C4961180D7013496118A3
:107350000E60BD21C90061180880BE21C9006118F6
:107360000A700F4AA2181360BF230122DB00E31842
:1073700052421A802DE7074AA218137002222023D6
:10738000CCE7044AA21813700122F8E73106000086
:1073900023060000E3050000E4050000EC05000002
:1073A000F40500003C070000EA050000E5050000C8
:1073B000E60500001F060000E7050000654AA21868
:1073C000137002228023A9E7802302221B01A5E774
:1073D000802302229B02A1E7802302225B029DE719
:1073E000022200239AE75C4BE2183B6810331360DB
:1073F0005A4B5B4AE250BD220023D200A350083210
:10740000A2181370ADE710212000FEF747FA19E625
:107410000222504B1721E3181A708023013A1B01F6
:107420009BE602224B4B1821E3181A708023013A85
:107430005B0192E6EB7C052B12D100212000FDF7C9
:1074400009FFD3232178DB00E0584B1E9941090244
:107450001031FF31FBF7AFFD52212000FDF72CFF6B
:1074600080213E4B49002A79E1523E4BF639E31820
:1074700019703D4B1035E3181A70374BBD22E318D5
:107480001D600023D200A3500832A2181370374A9F
:107490000A31A2181360BF230122DB00E318524215
:1074A0001A80C0E6C2235B00F3589B7A7F2B06D973
:1074B0002F4B1821E3181B78012B00D1B3E60121D3
:1074C0002000FEF70BF9BDE5DC23DB00E3181B7899
:1074D0001A21002B00D1B5E5A5E6264B2A69E31851
:1074E0001A60C1236A69DB00E3181A6002230922CB
:1074F000103500950021200002F076F8002800D019
:10750000A0E503212000FEF7E9F82000FDF7EDFFDC
:107510000A2188E602220F4B1649E3181A702B69DC
:1075200061180B605B005B0F63339340E421E31849
:1075300089005958C123DB00E31810351960012375
:107540000095D7E70222034B1421E3181A70802319
:107550005B0102E6E3050000EC050000E405000025
:1075600000010601E6050000E7050000F405000043
:107570000507000004060000F0B5040085B0039183
:10758000FDF7D6F9BD21B94BB94AE3181B780500C0
:107590000293B84BC900E3181F78B74B0398E31860
:1075A0001E78B64BA218E31861181B781268098878
:1075B000022811D1701E012802D9029803281DD17A
:1075C000D82301215B00E9542000FEF787F813213E
:1075D0002000FEF7BBF81DE0039803380B2819D8EC
:1075E00002F01CF929005B0078007C001800F20012
:1075F000180018000101180018005E010298012807
:107600000AD002280FD0002804D13A00310020000F
:1076100001F0BEFF05B0F0BD009231003A0020003D
:1076200001F0E2FFF6E700920B1C3A003100200067
:1076300002F008F8EEE7029B032B03D1142120008F
:10764000FDF73AFE03212000FEF748F88C4BE318C3
:107650001A88002A05D00A212000FF31FEF760F8C1
:10766000D8E72B007D331A781A2A11D1E5321A7027
:10767000B8352B68DB7C052B06D185239B00E318EE
:107680001B7E0821012B04D12000FDF72EFFC1E74E
:1076900013212000FEF75AF8F6E77A4BE3181B781F
:1076A000012B03D12000FEF775F8B3E7764B2000DD
:1076B000E31819780029F6D1FEF710F82800062102
:1076C0009830FBF79DFA002800D180E71323953509
:1076D0002B709FE7002EE5D0012175E7E4239B0086
:1076E000E758BE23DB00E3181A78BF23DB00E3185A
:1076F0001B8831000093654B3800E3181B68FEF7C8
:1077000061FE021E07D131000090614B3800FEF788
:1077100059FE011E4BD085229200A218127E7D35A3
:107720002B78002A3ED1042B01D0012B3AD1002224
:107730001023310038000092FEF744FE00282DD1BE
:10774000DC23DB00E3181B780921002B2BD0E42578
:10775000AD00042120006259FDF794FF63595B7965
:107760007F2B00D856E704212000FDF76BFE200098
:10777000FEF7F6F86159CB797F2B0AD91A225B06FE
:107780001B0F01335A43CB88DB05DB0D9A4200DA2D
:1077900040E704212000FDF79FFD3BE72000FDF7B7
:1077A000F9FFD4E713212000FDF7D0FFCFE7200039
:1077B000FDF794FF334BE3181B78002B00D071E7E3
:1077C0002000FFF7CFF925E702212000FDF786FF13
:1077D000029B012B02D111210F2F00D0102120007C
:1077E000FDF76AFDF3E6D3232178DB00E0584B1E5A
:1077F0009941802509020A31FF31FBF7DCFB690062
:107800002000FDF71FFE234BE3181978012900D152
:10781000DDE600290BD1204BE3181B78002B00D1AB
:10782000D5E6AC22D200A21800920F22F7E6032977
:1078300004D120000D31FEF731F8EBE62000FDF712
:1078400077F885239B00E3189B7C0500012B00D86B
:10785000BDE6030002220A2191331A700F4B20006B
:10786000E25CFF31FDF75CFF30E7C046E505000054
:10787000EC050000E6050000E4050000E705000057
:10788000EA050000E305000031060000F4050000F1
:10789000100001007D0500007C0500003C07000091
:1078A000D3232178DB00E0584B1E99418026090242
:1078B0000A31FF31FBF77FFB71002000FDF7C2FDAD
:1078C0001323802195352B70C90163E773B504003C
:1078D000881E062822D801F08DFF042B2222372192
:1078E0006A0000212000FDF7B5FCC4235B00E358CB
:1078F0009B7A7F2B17D9324BE3181B78002B12D0C1
:10790000304B3149E21801236118D3700978200007
:107910009170009200210A2201F066FE73BD0021E1
:107920002000FDF7DBFE13212000FDF70FFFF5E738
:1079300020000321FDF7D2FEFA220E212000520082
:10794000FF31FDF7EDFEE9E7E425204BAD000093A4
:1079500080236659012200213000DB00FEF732FD52
:10796000002828D0F37A022B0DD0D326F600042B62
:107970000BD0A05921784B1E994109020E31FF31DD
:10798000FBF719FB13E01921CEE700212000FDF7DA
:1079900061FC2178A0594B1E994109020E31FF313B
:1079A000FBF709FB512120006259FDF78DFC2000F7
:1079B000FDF7F0FEB2E7D323DB00E058DAE7C0467C
:1079C000050700002C060000D2060000FFFF0000A3
:1079D0008D23F0B59B000400C758C81E85B007284A
:1079E0001FD801F007FF971E1E041EA61E9EE4234B
:1079F0009B00E5585B4B0122009380230021280067
:107A0000DB00FEF7DFFC002850D0E87A02380328BC
:107A100034D801F0EFFE02081D3719212000FDF7D0
:107A200095FE05B0F0BD01212000FDF713FCD32326
:107A30002178DB00E0584B1E994109020E31FF31DD
:107A4000FBF7B9FA50212000FDF736FC0821E5E7E5
:107A500000212000FDF7FEFBD3232178DB00E05856
:107A60004B1E994109020E31FF31FBF7A4FAE423C2
:107A70009B0051212000E258FDF726FC2000FDF775
:107A800089FECEE7D3232178DB00E0584B1E9941D5
:107A900009020E31FF31FBF78EFA20005221FDF76B
:107AA0000BFC00212000FDF7D5FBE7E7802120003B
:107AB0000901FEF7BFFC051E04D020002A49BB6B5C
:107AC0009847AEE740212000FEF7B4FC0028D5D04F
:107AD000BC23DB00E31803931B78002BCED0852357
:107AE0009B00E618717F2000BB689847E4237573FC
:107AF00003269B00E35820009E7001F005FD039BC8
:107B00001D70C223DB00E21816700F212000FDF764
:107B1000DBFB86E7154BE2181378032B00D180E7D7
:107B2000F3E7134BE3181A78104BE5182A70012A73
:107B300003D12000FEF720F873E70021200001F0B8
:107B400027FD2B78032B00D06BE7BC2301220A21F1
:107B5000DB00E3181A7020009532FF31FDF7E0FDDD
:107B60005FE7C046FFFF0000E7560000FA0500008F
:107B70005C05000070B50500FCF7DAFE0300082282
:107B800095331A702B780400002B14D084228021A6
:107B900092008900D323DB00E858FBF721FA230089
:107BA000002298331A6001237134280015212370B4
:107BB000FDF782FB70BD8822802152004900E9E771
:107BC00070B50400FCF7B4FE002105002000FDF7AD
:107BD00085FD852300229B00E3181A74EB7B2000AF
:107BE000934206D0FEF7B3FB01212000FDF730FCE5
:107BF00070BDFFF7BFFFFBE7F0B591B00400FCF7E5
:107C000097FE030095331B780700002B31D0050049
:107C100098352B68002B00D1ABE02B689B0507D56E
:107C200003007D331B78052B02D12000FDF7A4FF54
:107C300028000121FAF7C2FF0500012801D006281B
:107C40005BD1F8F766FD9B2300219B00E6180390AB
:107C500020230A0030000091FEF7B4FB002815D065
:107C600085239B00E3181A7E002A04D10398F8F7B5
:107C700054FD11B0F0BD012220215B7C5340F37014
:107C8000134032795B018A43134333719B239B007A
:107C9000E35C002B10D185239B00E3185A7C9B23C7
:107CA0009B00E318DB789A4206D10398F8F735FD7C
:107CB0002000FFF785FFDCE7E42386229B00E058E5
:107CC0005200310001F07CFF0398F8F726FDE42311
:107CD0009B00E2581378013B012B07D813793A0037
:107CE0009B098B3220001370FDF7B2FCE4239B004C
:107CF0000C212000E258FDF7E7FADC23DB00E31853
:107D00001B78002B15D0032D03D06B1FDBB2012B8A
:107D10000FD8D3232278DB00E058531E9A41394B09
:107D200012020093782310322100FF32FF33FBF759
:107D30006DF83B00802698331B68B602334207D0AB
:107D400035212000FDF7B8FA31002000FDF77AFB5D
:107D50002000FCF7EDFD002D25D12000FDF7C6FE2B
:107D60003A0095321278284B920029002000D3580F
:107D7000984785239B00E3189B7C012B00D878E76C
:107D80003D00A4352B68002B00D172E70993002336
:107D900011212000009305AAFDF7B0FA002800D0B9
:107DA00067E7286065E7012D20D195300378200032
:107DB0000B3B042B02D8FDF7DFFED1E7FCF7B8FD43
:107DC0000026124B9130E31806701E70104B2000F5
:107DD000E3181E703021FDF735FB31002000FDF760
:107DE0007DFC0D212000FDF7B1FCB9E7092DB7D1CD
:107DF00095300378132BB3D000212000FDF76EFCE3
:107E0000AEE7C046FD530000B09E0000E305000051
:107E10003106000070B504000D00FCF789FD8D23CC
:107E20009B00E358022D24D1C821002220001B69A9
:107E30008900984700280AD104212000FDF786FC1C
:107E40000A212000174AFF31FDF76AFC70BDD323D9
:107E50002178DB00E0584B1E994109020A31FF31BD
:107E6000FBF7FAF80028F1D004212000FDF734FADE
:107E7000ECE7082DEAD1020070321278002A0DD00A
:107E8000C27B002A0AD0002220001B6906499847BD
:107E90000028D1D02000FFF793FED7E72000FDF7A0
:107EA0003FFED3E714050000B80B0000F7B504004F
:107EB0000E00FCF73DFD85239B00E7183B7E050087
:107EC0000093030094331B78DBB20193022E12D08F
:107ED000F31E022B25D812212000FDF7EDF9019B9E
:107EE000002B46D103212000FDF7F8FB2000FDF711
:107EF000FCFA022122E0254BE5182A78513BE318D1
:107F0000002A02D11A7801321A701A78032A09D984
:107F1000032220001A70FFF72DFE01212000FDF73B
:107F2000DDFBF7BD2B78002B0CD000232B7020003D
:107F300001F0E0FB0028F4D0012129702000FDF7BA
:107F400005FCEEE7DC23DB00E35C20005A1E9341D6
:107F5000E1225B42520013405F32FF329B180C4A11
:107F6000A352FEF705F8009B002BE0D101333B74D0
:107F7000DDE770352B78002B04D0032EB2D0009BA8
:107F8000002BAFD12000FFF71BFECAE72906000037
:107F90003E07000010B51021FDF75AFA10BD000091
:107FA0000B7810B50C00002B02D0C0B20130FF30AE
:107FB00089235B00984208D120002021FDF748FA70
:107FC000064BE4180023A37110BD1223FF3398421F
:107FD000FAD140212000FDF73BFAF5E77C060000CE
:107FE00002000F4B8C3210B5023A53801380852269
:107FF00092008218D382D3230400DB00C058237878
:10800000002B08D00749084AFAF7EAFF074BE418A3
:108010000023637010BD14218B22FF315200F3E75F
:108020000404000013020000160200007C06000099
:108030001300D32213B50400D20080582278002AFE
:1080400003D08022C9B292008918034A00920A0024
:108050002100FAF7DBFE13BDA17F0000030070B51D
:1080600083331A78002A08D004000025B8341D7024
:108070002368AB4201D09847256070BDF0B517006A
:108080001500002287B002AB133F9980FFB2043382
:10809000DB5D04000093464BC3180193DB195A7251
:1080A000D223DB00C058F9F74FFA00281CD18522F3
:1080B000E319920002938A33A6181B78009A934220
:1080C00014D1F619B375D323DB00E0582378002BC5
:1080D00003D08023EDB29B00ED182900FAF76BFF67
:1080E0000122019BDF197A7207B0F0BDF3199B7D65
:1080F000009A934247D0E723DB00E3589A78737ADB
:10810000002B2FD085239B00E35C032B2AD8ED2383
:108110005B00E35C002B24D0F37A002B21D0B37CEE
:10812000012B1ED90222009B93421BD13220F8F76B
:1081300059FDD223DB00E058F9F79EFD05AB18800E
:10814000327F9B5C022B0CD1D223DB00E058F9F785
:10815000FBF9002805D102AB9B888A342380F38287
:10816000C2E70B22D323DB00E0582378002B03D097
:108170008023EDB29B00ED182900FAF713FF009B56
:10818000F619B375B0E7D323DB00E0582378002B52
:1081900003D08023EDB29B00ED182900FAF75CFFB5
:1081A0000028A1D1029BF619B27D8A331A709BE791
:1081B0007C0600007047852301229B00C31810B580
:1081C0001A74953B0400FF3B1970D3232178DB0020
:1081D000C0584B1E994109021331FF31FAF7EBFEEB
:1081E00020002021FDF765F902212000FDF730F97C
:1081F00010BD10B5041E03D0012902D0022904D0FD
:1082000010BD0321FFF7D7FFFAE7D3232178DB0066
:10821000C0584B1E994109021331FF31FAF7CBFECA
:10822000862220219200A3588B43A350E8E7000048
:108230008D239B0070B5C3580400481E05281DD827
:1082400001F0D8FA032D1C1D6803012916D18523DE
:108250009B00E3189972A03BFF3B1970200001318D
:10826000FDF72AF8D3232178DB00E0584B1E994113
:10827000090218311422FF31FAF794FE70BDD3239E
:108280002178DB00E0584B1E994109021331FF3180
:10829000FAF791FE20212000FDF70BF9EEE700210F
:1082A00020009B6A98478523012200259B00E31844
:1082B0001A749D72A03BFF3B1D7003212000FCF748
:1082C000FBFF85239B00E35C042B23D02178D3267E
:1082D0004B1E99410902F60018311422A059FF31B2
:1082E000FAF760FE0E4BA059E3189D7021784B1EE3
:1082F000994109021331FF31FAF75DFE2000702128
:10830000FDF7D7F8142289212000FF324900FFF73A
:108310008FFEB3E703212000FFF74DFFAEE7C04615
:108320007C06000070B504000D00012913D1D2268F
:10833000134BF600C25C002A0ED1C154F8F7E9F9DC
:108340000500A059F9F796FF2800F8F7E6F904218F
:108350002000FFF730FF70BD002280591100F9F7AF
:1083600043FB0021021E06D12900A059F9F73CFB6E
:108370000028F0D02900A059F9F7CFFCEBE7C04660
:10838000890600000A0070B5032938D185239B00B7
:10839000C418257E002D20D1030001008A331B78EC
:1083A0008B315E1E0978022E0BD80139022908D8BC
:1083B000F1235B00C35C0521002B11D002220621B2
:1083C0000EE05A425341DDB2C3181A0088321278C7
:1083D0008A336275627D1A70F0E702220621002559
:1083E00001236B40637785239B002577C2540300EC
:1083F000002576331D70FFF7DEFE257470BD012960
:10840000FCD12121FCF758FFF8E70000F8B58D23D7
:108410009B00C558203BC6180400481E327E042825
:108420003DD801F0E7F903603C485700230073335F
:108430001A7023212000FCF73FFF2300002776332A
:1084400020004B4977731F70EB699847727D494B49
:108450005200D15A20002B6A9847474B1422E31848
:108460009F7020002B6942499847B8421BD16B6A24
:1084700001252000984702212000B572FCF71CFF5F
:10848000237CBB420CD0D225ED00317F6059F9F737
:1084900044FC6059F9F7BCFB2000FDF745FFF8BD2F
:1084A00075342570FBE7E37C002BF8D00121200018
:1084B000FFF781FEF3E7D3232178DB00E0584B1E62
:1084C000994109021331FF31FAF775FD202120008F
:1084D000FCF7EFFF20000321FFF76DFE03212000D2
:1084E000FCF7EAFEDBE72000AB680021984701219A
:1084F0002000AB68984723000027A8331F60393B52
:108500001F70012320003374B772FDF720FF21781C
:10851000D3264B1E99410902F6001831174AA0597B
:10852000FF31FAF73FFD144BA059E3189F702178F3
:108530004B1E994109021331FF31FAF73CFD2178B6
:10854000A0594B1E994109021931FF31FAF733FD49
:1085500020007021FCF7ADFF142289212000FF329A
:108560004900FFF765FD20000549AB6A984796E78B
:1085700088130000889E00007C060000D5020000E1
:10858000957F000070B504000220002C0AD0D2258F
:10859000ED006059F9F790FA2100034A6059F9F7A4
:1085A0005BFE002070BDC046F3810000F7B50400FB
:1085B0000220002C37D0D2238D27DB00E058BF00EB
:1085C000E559F9F7A9FA852321009B00E618012354
:1085D0006E31337401910B78002B12D1A37C002BE8
:1085E00022D02379012B1FD01422E35920001B69CC
:1085F000104952429847002816D0230001226F33B9
:108600001A700123019A20001370FDF7A0FE2300C9
:10861000032280331A7002232000736000221B2182
:108620002B6898470020FEBD00212000AB6A9847C8
:10863000E7E7C04688130000F7B504000D000220EC
:10864000002C3ED000293CD0230080331B782178B9
:108650000093002936D085271D4EBF0000232B70C4
:10866000D323DB00E0584B1E994109021831FF313A
:10867000FAF7F2FCD323DB003A0031000190E05816
:10868000FAF7F2FC85239B00E1184B680200002BEF
:1086900014D1019B002B11D1009B013B012B0DD963
:1086A000009B0198053B012B0BD8002A06D1094AF3
:1086B0000B7FA418E418637A002B02D10123002059
:1086C0002B70FEBD8A2789267F007600C6E7C0464C
:1086D000120200007C06000070B504000D000220AC
:1086E000002C11D000290FD02000FCF777FD0600E8
:1086F0002000FCF78BFDD223DB0002003100E058A4
:10870000F9F73EFC2870002070BD030010B5022070
:108710000C00002B08D0002906D0D222D200985895
:10872000F9F7BEFC2070002010BDD22370B5DB002D
:108730000D000400C058F9F76DFA042263198A335A
:108740001A7085239B00E4186419A27570BD00009F
:1087500070B505000E0001291BD100240D4B21002E
:10876000C318DC70030093331C70FFF7DEFF310089
:108770002800FFF7DAFFC820F8F734FA85239B00BA
:10878000EE18280034767474FFF72AFC347474727F
:10879000B47270BD7C060000D22310B5DB00C05857
:1087A000F9F750FA10BD00008D2370B504009B004E
:1087B000C558FDF7CCFD00212000FFF7EDFF01219A
:1087C0002000FFF7E9FF00212000AB689847012156
:1087D0002000AB689847AB6A002120009847D3235C
:1087E0002278DB00002A13D00C4A0D49E058FAF732
:1087F000F7FB220000238032137085229200A2181A
:10880000933453602370937253720133137470BDA9
:108810008D2212215200FF31E8E7C0461A02000003
:1088200011020000F8B58D239B0004000D00C6580E
:1088300001292ED1D3232178DB00C0584B1E99414A
:1088400009021231FF31FAF7B6FB8522374B92004D
:10885000E3181B79A718002B04D129002000BB7254
:10886000FCF72AFD01253B7E3D74002B34D120000E
:10887000FFF79AFF230080331D702D492000B36A53
:10888000984714228921FF3249002000FFF7D0FBCE
:1088900022E00B1F012B2BD8FFF786FF234BE31899
:1088A0001A79002A19D000221A71230098331B78F4
:1088B000934204D1D223DB00E058F9F773F920008A
:1088C0001A21FCF7F9FC20000121FFF7C7FB8523E3
:1088D0009B00E41800232372F8BD2300012280339B
:1088E0001A70E723DB00E358DA781221FF31CCE776
:1088F0000629F1D1D123DB00C35C002B08D08523EE
:1089000001229B00C31804211A72FFF754FCE3E70D
:10891000DA23FF33C35C0A22002BE6D10121FFF7E3
:108920009DFB2000FFF742FED6E7C0467C06000014
:10893000957F000010B504000220002C0CD0D2233B
:10894000DB00E058F9F72EF92000FFF72DFF20009B
:108950000021FFF783FB002010BD85239B0010B58D
:10896000C318040000201A7E824210D1803424787B
:10897000CBB20904090E032C0AD1013B0130022BB2
:1089800005D902230139C9B28B425241D0B210BD80
:1089900002220B43013BDBB29A424041C0B2F6E7F0
:1089A0000300F0B580331D7804008BB0042D53D044
:1089B0008D239B00C358069385239B00C3181E7C00
:1089C000F2B202921F7F9E3BFF3B1B78DAB201920C
:1089D000002B41D1D223DB00C058F9F74DF9230019
:1089E0008833061C1880032D52D01422011CFF323C
:1089F0002000FFF743FB8A2220005200311CFFF7C2
:108A00003DFB0122311C2000FFF7A7FF230005904A
:108A10008A331B88310409AA090E13800791D9B241
:108A20001B0A049385239B000391E5186B7AD75D9D
:108A3000002B00D0C0E0029B002B0DD1019B002B2E
:108A400029D0002808D020000221FFF7B4FB029BA8
:108A500020002B74FFF7C4FA86239B000121E01845
:108A6000FAF7ACF80500072810D800D00EE1F7F7A8
:108A700050FE230086331B780500032B00D1F6E05F
:108A8000042B00D100E12800F7F747FE0BB0F0BD42
:108A900001230193B5E72B7E002BDDD1D322B3B2A6
:108AA000D200A0582178002B46D023008C331E80A2
:108AB0004B1E994109021631FF31FAF77CFA814BBE
:108AC000019AE3185A7023008C331D888D231422D9
:108AD0009B00E35820001B697B49524298470028BD
:108AE00048D0DA23FF33E35C002B43D1059B002BF6
:108AF00040D0F3B2013B022B02D8049B002B0ED0D6
:108B0000079B013B022B02D8039B002B07D0039B42
:108B1000013B022B2ED8049B013B022B2AD82300B9
:108B20008A331E808523012208219B00E3185A7294
:108B30002000FCF78DFC8FE7624BE3185A78002A7F
:108B40000AD101325A704B1E994109021631FF3188
:108B50000B32FAF727FAB6E74B1E99410902163194
:108B6000FF31FAF779FA0028ADD12300019A8C334E
:108B70001A80A8E7002D00D06EE72000FFF730FA3A
:108B8000230080331B78022B08D103212000FFF73C
:108B900012FB22212000FCF78FFB5DE7D323217815
:108BA000DB00E0584B1E994109021331FF31FAF7FF
:108BB00053FA0028EDD1E8E72B7E002B00D04BE7DD
:108BC000230093331A78002A05D0002F40D11F705C
:108BD0006F720421ACE7029B002B39D1DB33FF33EA
:108BE000E35C002B07D0DE23FF33E35C002B02D0D5
:108BF0002B7D002B2CD12000FCF708FBE223FF3358
:108C0000E35C0600002B0CD1002F0AD12D4B2A7FEC
:108C1000E3189B183721200005265F72FCF74CFBF8
:108C200076420525069B20001B690193FCF7D6FAC6
:108C300032000100019B20009847002808D1013D27
:108C4000EDB2002DEED185239B00E3185D72C0E7E5
:108C500085239B00E3185A7D974200D1FCE65F759F
:108C6000D223DB00E058F8F7D3FF092192E7012176
:108C70008322144B9200E3181971A35A5B18A35274
:108C80002000FCF7E5FBFEE60121F9E700280ED104
:108C90000E4EA35D002B05D0D223DB00E058F9F780
:108CA00033FBA55501212000FFF785FAEEE62200EF
:108CB00080321278064B92000100D358200098476A
:108CC000E4E6C0467C060000881300008906000028
:108CD000209F0000F0B50B7887B00293CD2305925A
:108CE00000229B00C3185A65029B05000E00022B50
:108CF0005FD8E1239B00C3181F78974259D1032402
:108D0000029B39005C432C4B0419E35C3000DAB25F
:108D100080230392294A9B01A25C0492284A009274
:108D20003A00FDF74FFB002801D0234BE754DE212A
:108D3000737989001B075B0F69180B701E49DAB243
:108D4000615C002903D01D49615C914231D0012250
:108D5000194930006254194AA3540022184B1100DB
:108D600000932023FDF72EFB002804D0154BEB18B1
:108D70001B78002B1DD1144B029AEB181A70104B64
:108D800000220093802311009B013000FDF71AFBA5
:108D9000CD239B00ED180223002800D140236B65F2
:108DA000059B002B05D1044B039AE254034B049A14
:108DB000E25407B0F0BDC0463E0200003D02000094
:108DC000FFFF00007B03000079030000037870B50B
:108DD00004000D00002B2DD08121194A8900194B68
:108DE000E3181878002824D0DF20800020180678A7
:108DF00000201870D323DB00E058FAF7F1F8022EB8
:108E000009D803238F21072073438900E3185A5C94
:108E1000013202405A540C4BE3181E70D223DB007F
:108E2000E058F8F739FB8E239B0029002000E35817
:108E3000984770BD06228221FF324900CFE7C04625
:108E4000050200007B030000810300000A78030094
:108E500010B50800002A02D0DBB20133FF338322B1
:108E6000520093420FD00822FF32934205D00622CF
:108E7000FF321021934210D010BD8E239B00202181
:108E8000C3589847F8E7E3239B00C21800231370E8
:108E9000CD222021920082185365FFF797FFEBE760
:108EA00003009C331A68084B10B51A4204D01021F5
:108EB000FFF78CFF012010BDCD239B00C018406D33
:108EC000431E9841C0B2F6E743C0000073B50400EA
:108ED00008000B2937D800F0A1FC0C002100370056
:108EE0004100480069007500A40000012E014C01FA
:108EF0006A01D223DB00E058F8F79EFAD3232278E8
:108F0000DB00E058531E9A41AC4B120200930F2332
:108F10000632FF322100F9F779FF14E0D3232178DC
:108F2000DB00E0584B1E994109020631FF31FAF788
:108F300042F82000FFF7B4FF002804D1D223DB0061
:108F4000E058F8F787F973BDD223DB00E058F8F753
:108F500073FA20212000FFF739FFF4E7D223DB006A
:108F6000E058F8F769FA0821F4E7DF239B00E318DB
:108F70001D78052D13D1D3232178DB00E0584B1E3B
:108F8000994109020831FF31FAF766F80028DAD072
:108F9000D223DB002900E058F8F798FAD3E78E23B4
:108FA00010219B00E35820009847CCE7D323217879
:108FB000DB00E0584B1E994109020831FF31F9F7F7
:108FC000FAFFD0E7D225ED006059F8F735FAE32330
:108FD00001229B00E3181A70D3232278DB00002AB9
:108FE0001AD08121764A8900E058F9F7F9FF6059D3
:108FF000F8F7A8FA002201002000FFF76BFED32348
:109000002278DB00E058531E9A416C4B1202073263
:109010000093FF3203237DE706228221FF324900BD
:10902000E2E7D3232178DB00E0584B1E9941090287
:109030000731FF31F9F7BFFFE3239B00E5182B78D9
:10904000002B09D0D223DB00E058F8F77BFA01228D
:1090500001002000FFF73EFE5A4BE3181B78002B5F
:109060000FD0DF239B00E3181B78022B09D8CD23F8
:109070009B00E3185B6D002B24D010212000FFF72C
:10908000A5FE2B78002B1AD0CD239B00E618736D1C
:10909000002B14D0D223DB00E058F8F753FA9B23BF
:1090A00086229B0001005200E01800F089FD8E230B
:1090B0009B00E3582000716D9847002373650023DF
:1090C0002B7040E72000FFF7EBFE0028D9D1D22318
:1090D000DB00E058F8F7BEF8D3E73B4BE5182B78F8
:1090E000002B09D0394BE3181B78002B04D0D22376
:1090F000DB00E058F9F75CFB2B78002B09D0344BF0
:10910000E3181B78002B04D0D223DB00E058F9F7DA
:1091100051FB10212000FFF759FECD239B00E218E0
:1091200000235365E3229200A21813708E239B0044
:109130000121E35837E710212000FFF747FED32332
:109140002178DB00E0584B1E994109020731FF31BD
:10915000F9F731FFCD239B00E21800235365E3228A
:109160009200A21813708E2380219B00E358C9013E
:1091700019E710212000FFF729FED3232178DB0017
:10918000E0584B1E994109020731FF31F9F713FFEF
:10919000CD239B00E21800235365E3229200A2181E
:1091A00013708E2380219B00E3580902FBE68E2377
:1091B00080219B00E3588902F5E6C0464D8E0000F1
:1091C000050200007B0300008D0300008F030000F8
:1091D0008E030000DF23F0B59B008FB00B91C31806
:1091E0001B7885220893A24B0400C3181D78A14B5D
:1091F0009200C31819886B469984E0239B00C3181A
:109200001B78A2180593CB05DB0D0793977C873A53
:10921000FF3A1278C80B0C92974AA2181278002ACB
:1092200024D0012F22D902220692059A002A07D0C3
:10923000002805D11A2206009A4246417200069281
:10924000089A002A14D085229200A218527B002A84
:1092500009D18A4B0132E318202120001A70FFF750
:10926000B5FD0FB0F0BD0C9A012A01D80322069279
:10927000834A9446A44462461278002A03D000220E
:109280006646069232707C4AA2181278D6B2002A3C
:1092900000D1BBE0059A002A7DD10A9007920C9B71
:1092A000089A9B01002A09D185239B00E218137EAE
:1092B000527C1B0252011343BF013B438E2292009A
:1092C000A2180D926F4A0899A2181678059AD2032F
:1092D000164303224A430D998A181279002152023B
:1092E00016432A0316431E4392239B00E7182022AD
:1092F000380000F039FC0020059AABB20C93AD00A9
:1093000082420CD00A9A824209D06B4692219A8CF2
:10931000890062545C49120A079D6254023000229F
:109320008118C9B20B00954268D8059A002A0CD062
:109330000A9A002A67D1099B04211B0407981E433F
:10934000F9F70CFC0B9F83B20C930D9A6B461663D6
:1093500030229B18059A1B78029701920096D22022
:10936000C000069A08992058F7F72AFFF7F7D1F9B5
:109370000122424B0500E31820001A70FFF790FD10
:10938000002804D1D223DB00E058F7F763FF280060
:10939000F7F7C3F965E71A2B07D822009132127844
:1093A000002A02D1394A0A4309920020099A0A90F8
:1093B0001204110ED50F824200DB70E7490717D463
:1093C000099A1A305204120F511C414307908B42E4
:1093D00005DA1A2149424A439B189BB20793079B1F
:1093E0000421981CF9F7BAFB059BC5B20A9356E70E
:1093F000099B5B0A5B0209930023EFE70B99895CE9
:109400000132F9548CE7002205929EE7089B320056
:10941000002B07D185239B00E3181A7E5B7C120288
:109420005B011A438E239B00E018164B089EE3183D
:10943000197840230B4329030B430321714341183F
:109440000979AE0049020B4392211343002289009F
:109450006118964206D100220363009302912B000B
:1094600001927CE70B9FBF588F500432F1E7C04652
:10947000830300007E0300008D0300007B030000D7
:109480007A03000082030000490200000080FFFF11
:109490008E239B0010B5C150D223DB000249C05877
:1094A000F7F7F8FD002010BDCD8E0000024BC31869
:1094B000002018707047C0467B030000D22310B50F
:1094C000DB00C058F7F7A0FF002010BDCD229200AE
:1094D0008218526D030010B50120002A11D1E32239
:1094E00092009A181278D0B2002A0AD1054A9A1826
:1094F0001278D0B2002A04D1D222D2009858F8F7BC
:1095000023F810BD7B030000D22310B5DB00C05848
:10951000F7F7F8FD10BD0000032251430300411886
:109520000020044A8854023A8854034A9B18187051
:109530007047C0463E0200007903000010B50400E9
:109540000021FFF7E9FF01212000FFF7E5FF0221DD
:109550002000FFF7E1FFCD2300209B00E3185865B2
:10956000E3239B00E3181870E1239B00E3181870B5
:10957000014BE418207010BD7B0300008E239B007C
:10958000C01803234B43C318002098717047000094
:1095900070B5104BC3181D780F23ECB2002D17D1F6
:1095A0000D4BC3181B78DF239B00C31819700B4B9E
:1095B0002100C3181A700A4BC3181C70094BC3183A
:1095C0001C80E0239B00C3181C70FFF703FE2300E0
:1095D000180070BD7B0300008D03000082030000B3
:1095E000830300007E03000070B5114C0F250419A1
:1095F0002678F4B2002E19D10E4D45192D78DF25AD
:10960000AD00451929700C49250041180A70072240
:1096100013400A4A049982181370094BC3181C801E
:10962000E0239B00C3181C70FFF7D4FD280070BD19
:109630007B0300008D030000820300008303000011
:109640007E030000F7B504002548019225182E7806
:109650000F20002E28D12348DE05201800785F0453
:10966000F60D3F0F002820D0089800280FD0822048
:10967000400086420BD87B221804000E90438028BD
:1096800013D1002F11D06638784386420DD8F7F7F2
:1096900040F801230600102120002B70FFF796FBF5
:1096A0003000F7F73AF80020FEBDDF2200259200D7
:1096B000A0180D4A0170A118019A20000A700B4AE7
:1096C0000899A21815700A4AA2181380E0230122F3
:1096D0009B00E3181A70FFF77DFD2800E4E7C04601
:1096E0007B0300008D030000820300008303000061
:1096F0007E030000F7B50400F7F70BF82178D325B7
:109700004B1E99410902ED0006310600FF316059F8
:10971000F9F751FC217860594B1E99410902083133
:10972000FF31F9F748FCD223DB00E058F7F7B4FE2D
:109730000023154A3000A718473AA2183B7053651A
:10974000E3229200A2181370F6F7E7FFDF22052646
:109750009200A3181E7022782100531E9A410B4BD1
:1097600012020832009360591423FF32F9F74EFBBE
:1097700001233B70D223DB003100E058F7F7A6FE4F
:10978000002800D00C20FEBD7B0300004D8E0000A1
:10979000D223DB0010B5C058F7F754FE002800D0E4
:1097A0000C2010BDD223DB0010B5C058F7F760FEC7
:1097B000002800D00C2010BDE1239B00C01801231D
:1097C000037000207047E1239B00C318002018702D
:1097D0007047012302681A4206D14278002A00D05D
:1097E000FFDE4370180070470020FCE70123036090
:1097F0007047000002B4714649084900095C4900FD
:109800008E4402BC7047C04603B47146490840000C
:109810004900095E49008E4403BC704703B4714699
:10982000490840004900095A49008E4403BC70476A
:10983000002243088B4274D303098B425FD3030A8F
:109840008B4244D3030B8B4228D3030C8B420DD3A2
:10985000FF22090212BA030C8B4202D31212090230
:1098600065D0030B8B4219D300E0090AC30B8B426E
:1098700001D3CB03C01A5241830B8B4201D38B031C
:10988000C01A5241430B8B4201D34B03C01A5241C1
:10989000030B8B4201D30B03C01A5241C30A8B4204
:1098A00001D3CB02C01A5241830A8B4201D38B02EF
:1098B000C01A5241430A8B4201D34B02C01A524193
:1098C000030A8B4201D30B02C01A5241CDD2C30905
:1098D0008B4201D3CB01C01A524183098B4201D381
:1098E0008B01C01A524143098B4201D34B01C01A6C
:1098F000524103098B4201D30B01C01A5241C308E4
:109900008B4201D3CB00C01A524183088B4201D352
:109910008B00C01A524143088B4201D34B00C01A3E
:109920005241411A00D20146524110467047FFE7AA
:1099300001B5002000F0F0F802BDC0460029F7D0C4
:1099400076E7704703460B437FD4002243088B42DF
:1099500074D303098B425FD3030A8B4244D3030BB6
:109960008B4228D3030C8B420DD3FF22090212BA7B
:10997000030C8B4202D31212090265D0030B8B42F7
:1099800019D300E0090AC30B8B4201D3CB03C01AE1
:109990005241830B8B4201D38B03C01A5241430BBC
:1099A0008B4201D34B03C01A5241030B8B4201D3AC
:1099B0000B03C01A5241C30A8B4201D3CB02C01A17
:1099C0005241830A8B4201D38B02C01A5241430A8F
:1099D0008B4201D34B02C01A5241030A8B4201D37E
:1099E0000B02C01A5241CDD2C3098B4201D3CB0125
:1099F000C01A524183098B4201D38B01C01A5241D4
:109A000043098B4201D34B01C01A524103098B42D7
:109A100001D30B01C01A5241C3088B4201D3CB00C2
:109A2000C01A524183088B4201D38B00C01A5241A5
:109A300043088B4201D34B00C01A5241411A00D255
:109A400001465241104670475DE0CA0F00D04942BE
:109A5000031000D34042534000229C4603098B422E
:109A60002DD3030A8B4212D3FC22890112BA030AB6
:109A70008B420CD3890192118B4208D38901921138
:109A80008B4204D389013AD0921100E08909C309BD
:109A90008B4201D3CB01C01A524183098B4201D3BF
:109AA0008B01C01A524143098B4201D34B01C01AAA
:109AB000524103098B4201D30B01C01A5241C30822
:109AC0008B4201D3CB00C01A524183088B4201D391
:109AD0008B00C01A5241D9D243088B4201D34B00AC
:109AE000C01A5241411A00D20146634652415B10EE
:109AF000104601D34042002B00D5494270476346CF
:109B00005B1000D3404201B5002000F005F802BD13
:109B10000029F8D016E770477047C046074B10B5CC
:109B20000400002B02D0002100E000BF044B1B68A2
:109B3000002B00D09847200000F04CF800000000F7
:109B40007410002010B5884202D98B18984208D3AF
:109B500000239A4207D0CC5CC4540133F9E78B5CF4
:109B60008354013AFBD210BD03008218934200D106
:109B7000704719700133F9E770B500260C4C0D4D94
:109B8000641BA410A64209D1002600F025F80A4C57
:109B90000A4D641BA410A64205D170BDB300EB585A
:109BA00098470136EEE7B300EB5898470136F2E7E5
:109BB000F0000020F0000020F4000020F000002061
:109BC000002310B59A4200D110BDCC5CC4540133BF
:109BD000F8E70000FEE7C046F8B5C046F8BC08BC90
:109BE0009E467047F8B5C046F8BC08BC9E46704714
:109BF0003F9C00003A9C00000000000000000000B4
:109C00000000000000000000000000000000000054
:109C1000249C000000000000000000000000000084
:109C20000000000001010702000000000000000029
:109C3000000000000000000000000102140A020100
:109C400002140A02010000000900000000000000E8
:109C50000000000000000000000000000100000003
:109C600009000000000000000000000000000000EB
:109C700000000000010000000E00000000000000D5
:109C800000000000000000000000000001000000D3
:109C90000E000000000000000000000000000000B6
:109CA0000000000001000000060000000C000000A1
:109CB00000000000000000000000000001000000A3
:109CC000060000000C000000000000000000000082
:109CD000000000004353445000010D00B40403F59C
:109CE000B89D00000001000000000000000000001E
:109CF000A09D0000180000000000021400000000F9
:109D00000000010000000101010100000000030348
:109D10000000000000000000000000000000000043
:109D20000000000000000000000000005A90010048
:109D30005AD002005A400600000000000000000057
:109D400000000000000000005A005A005A00000005
:109D500000000000000000000000103200000000C1
:109D600000000000000000000000000000000000F3
:109D700000000000000000000000000000000000E3
:109D800000000000000000000000000000000000D3
:109D9000000000005A000000000000000000000069
:109DA000B40403F500000000010101000000000000
:109DB000000A0505148C8C8C496E66696E656F6EA1
:109DC0000000000000010000D09D0000143F0000D2
:109DD00041A800FFB404401800000000000003F593
:109DE0000000000000000000000000005A00000019
:109DF00000002C0100004F0100000000353600007B
:109E00002935000091350000A1350000B93500006A
:109E1000F5350000033600001944000045440000F9
:109E20008D050000AD440000393C00008545000070
:109E3000D1450000FD4500004D46000011360000F0
:109E40000C000000000000001E00000000000000E8
:109E5000010000000000000018E30800181B0300C8
:109E6000D860030038670300389B080093730E0026
:109E70008C0F0E0000060000010600000407000021
:109E800000030507F401008000005A0096002C0131
:109E900000001B1E8CFA000004000000FFFF000001
:109EA0004E6F7420537570706F727465640000009B
:109EB000E9540000AD7E000061620000157E0000E4
:109EC00069600000635F0000155F00000162000030
:109ED00035690000FD5D000081680000E965000053
:109EE00049650000C1610000CB620000C96200004A
:109EF000ED6000004D64000045600000ED6F000063
:109F00007975000000000000000000000000000063
:109F1000CD780000D1790000956A0000695C0000EE
:109F2000B58100002588000085830000518700006E
:109F300025830000318200000D8400000000000035
:089F40001862FF7F0100000020
:0C9F48005C9F0000C00000200E00000024
:089F540018010020D8030000F1
:109F5C00D50A0000010000000000000034010020C0
:109F6C000000000000000000FF0000000000E02ED8
:109F7C0018000000C05D000000366E01007C00205F
:089F8C0035010000090100008D
:04000003000003D91D
:00000001FF
